sku,asin,product_description,price
LG PC PN 0.5 14P GH VS1VS2 16 G,B0CJJYMNYN,"Houston Diamond District 0.5 to 10 Carat IGI Certified LAB-GROWN Cross Diamond Pendant Necklace 4 Prong Value Collection (G-H Color VS1-VS2 Clarity) 14K Rose Gold 16"" Gold Chain 0.5 Carat",486.91
LG PC PN 0.5 14K GH VS1VS2 16 G,B0CJJWX1FK,"Houston Diamond District 0.5 to 10 Carat IGI Certified LAB-GROWN Cross Diamond Pendant Necklace 4 Prong Value Collection (G-H Color VS1-VS2 Clarity) 14K White Gold 16"" Gold Chain 0.5 Carat",464.0
LG PC PN 0.5 14D GH VS1VS2 16 G,B0CJJY5TYG,"Houston Diamond District 0.5 to 10 Carat IGI Certified LAB-GROWN Cross Diamond Pendant Necklace 4 Prong Value Collection (G-H Color VS1-VS2 Clarity) 14K Yellow Gold 16"" Gold Chain 0.5 Carat",464.0
LG PC PN DE 0.5 PLT GH VS1VS2 16 G,B0H2HZ46L8,"Houston Diamond District 0.5 to 10 Carat IGI Certified LAB-GROWN Cross Diamond Pendant Necklace 4 Prong Value Collection (G-H Color VS1-VS2 Clarity) Platinum 16"" Gold Chain 0.5 Carat",807.7
LG PC PN DE 0.75 14P GH VS1VS2 16 G,B0H2J3B63L,"Houston Diamond District 0.5 to 10 Carat IGI Certified LAB-GROWN Cross Diamond Pendant Necklace 4 Prong Value Collection (G-H Color VS1-VS2 Clarity) 14K Rose Gold 16"" Gold Chain 0.75 Carat",674.69
LG PC PN DE 0.75 14K GH VS1VS2 16 G,B0H2JB9F6B,"Houston Diamond District 0.5 to 10 Carat IGI Certified LAB-GROWN Cross Diamond Pendant Necklace 4 Prong Value Collection (G-H Color VS1-VS2 Clarity) 14K White Gold 16"" Gold Chain 0.75 Carat",651.77
LG PC PN 0.75 14D GH VS1VS2 16 G,B0CJJZCYNQ,"Houston Diamond District 0.5 to 10 Carat IGI Certified LAB-GROWN Cross Diamond Pendant Necklace 4 Prong Value Collection (G-H Color VS1-VS2 Clarity) 14K Yellow Gold 16"" Gold Chain 0.75 Carat",651.77
LG PC PN DE 0.75 PLT GH VS1VS2 16 G,B0H2J8JCQ6,"Houston Diamond District 0.5 to 10 Carat IGI Certified LAB-GROWN Cross Diamond Pendant Necklace 4 Prong Value Collection (G-H Color VS1-VS2 Clarity) Platinum 16"" Gold Chain 0.75 Carat",995.47
LG PC PN DE 1 14P GH VS1VS2 16 G,B0H2J85LNS,"Houston Diamond District 0.5 to 10 Carat IGI Certified LAB-GROWN Cross Diamond Pendant Necklace 4 Prong Value Collection (G-H Color VS1-VS2 Clarity) 14K Rose Gold 16"" Gold Chain 1 Carat",720.62
LG PC PN 1 14K GH VS1VS2 16 G,B0CJJY9MKT,"Houston Diamond District 0.5 to 10 Carat IGI Certified LAB-GROWN Cross Diamond Pendant Necklace 4 Prong Value Collection (G-H Color VS1-VS2 Clarity) 14K White Gold 16"" Gold Chain 1 Carat",720.62
LG PC PN 1 14D GH VS1VS2 16 G,B0CJJY3B59,"Houston Diamond District 0.5 to 10 Carat IGI Certified LAB-GROWN Cross Diamond Pendant Necklace 4 Prong Value Collection (G-H Color VS1-VS2 Clarity) 14K Yellow Gold 16"" Gold Chain 1 Carat",720.62
LG PC PN DE 1 PLT GH VS1VS2 16 G,B0H2J5XDH4,"Houston Diamond District 0.5 to 10 Carat IGI Certified LAB-GROWN Cross Diamond Pendant Necklace 4 Prong Value Collection (G-H Color VS1-VS2 Clarity) Platinum 16"" Gold Chain 1 Carat",1064.32
LG PC PN DE 1 SS GH VS1VS2 16 G,B0H2J8R7HD,"Houston Diamond District 0.5 to 10 Carat IGI Certified LAB-GROWN Cross Diamond Pendant Necklace 4 Prong Value Collection (G-H Color VS1-VS2 Clarity) Sterling Silver 16"" Gold Chain 1 Carat",319.0
LG PC PN 1.5 14P GH VS1VS2 16 G,B0CJJZCLG7,"Houston Diamond District 0.5 to 10 Carat IGI Certified LAB-GROWN Cross Diamond Pendant Necklace 4 Prong Value Collection (G-H Color VS1-VS2 Clarity) 14K Rose Gold 16"" Gold Chain 1.5 Carat",858.11
LG PC PN DE 1.5 14K GH VS1VS2 16 G,B0H2J8V263,"Houston Diamond District 0.5 to 10 Carat IGI Certified LAB-GROWN Cross Diamond Pendant Necklace 4 Prong Value Collection (G-H Color VS1-VS2 Clarity) 14K White Gold 16"" Gold Chain 1.5 Carat",858.11
LG PC PN 1.5 14D GH VS1VS2 16 G,B0CJJYG9L8,"Houston Diamond District 0.5 to 10 Carat IGI Certified LAB-GROWN Cross Diamond Pendant Necklace 4 Prong Value Collection (G-H Color VS1-VS2 Clarity) 14K Yellow Gold 16"" Gold Chain 1.5 Carat",858.11
LG PC PN DE 1.5 PLT GH VS1VS2 16 G,B0H2J9TD24,"Houston Diamond District 0.5 to 10 Carat IGI Certified LAB-GROWN Cross Diamond Pendant Necklace 4 Prong Value Collection (G-H Color VS1-VS2 Clarity) Platinum 16"" Gold Chain 1.5 Carat",1201.8
LG PC PN 2 14P GH VS1VS2 16 G,B0CJJX1KQR,"Houston Diamond District 0.5 to 10 Carat IGI Certified LAB-GROWN Cross Diamond Pendant Necklace 4 Prong Value Collection (G-H Color VS1-VS2 Clarity) 14K Rose Gold 16"" Gold Chain 2 Carat",1087.24
LG PC PN DE 2 14K GH VS1VS2 16 G,B0H2J4WHL2,"Houston Diamond District 0.5 to 10 Carat IGI Certified LAB-GROWN Cross Diamond Pendant Necklace 4 Prong Value Collection (G-H Color VS1-VS2 Clarity) 14K White Gold 16"" Gold Chain 2 Carat",1087.24
LG PC PN 2 14D GH VS1VS2 16 G,B0CJJYY7PC,"Houston Diamond District 0.5 to 10 Carat IGI Certified LAB-GROWN Cross Diamond Pendant Necklace 4 Prong Value Collection (G-H Color VS1-VS2 Clarity) 14K Yellow Gold 16"" Gold Chain 2 Carat",1087.24
LG PC PN DE 2 PLT GH VS1VS2 16 G,B0H2JDBTYM,"Houston Diamond District 0.5 to 10 Carat IGI Certified LAB-GROWN Cross Diamond Pendant Necklace 4 Prong Value Collection (G-H Color VS1-VS2 Clarity) Platinum 16"" Gold Chain 2 Carat",1430.94
LG PC PN DE 3 14P GH VS1VS2 16 G,B0H2JK8KWX,"Houston Diamond District 0.5 to 10 Carat IGI Certified LAB-GROWN Cross Diamond Pendant Necklace 4 Prong Value Collection (G-H Color VS1-VS2 Clarity) 14K Rose Gold 16"" Gold Chain 3 Carat",1538.89
LG PC PN DE 3 14K GH VS1VS2 16 G,B0H2J3Z49C,"Houston Diamond District 0.5 to 10 Carat IGI Certified LAB-GROWN Cross Diamond Pendant Necklace 4 Prong Value Collection (G-H Color VS1-VS2 Clarity) 14K White Gold 16"" Gold Chain 3 Carat",1538.89
LG PC PN DE 3 14D GH VS1VS2 16 G,B0H2J3QX7C,"Houston Diamond District 0.5 to 10 Carat IGI Certified LAB-GROWN Cross Diamond Pendant Necklace 4 Prong Value Collection (G-H Color VS1-VS2 Clarity) 14K Yellow Gold 16"" Gold Chain 3 Carat",1538.89
LG PC PN DE 3 PLT GH VS1VS2 16 G,B0H2J5Z1B3,"Houston Diamond District 0.5 to 10 Carat IGI Certified LAB-GROWN Cross Diamond Pendant Necklace 4 Prong Value Collection (G-H Color VS1-VS2 Clarity) Platinum 16"" Gold Chain 3 Carat",1882.59
LG PC PN DE 4 14P GH VS1VS2 16 G,B0H2J3PF6D,"Houston Diamond District 0.5 to 10 Carat IGI Certified LAB-GROWN Cross Diamond Pendant Necklace 4 Prong Value Collection (G-H Color VS1-VS2 Clarity) 14K Rose Gold 16"" Gold Chain 4 Carat",2019.5
LG PC PN 4 14K GH VS1VS2 16 G,B0CJJVQSLT,"Houston Diamond District 0.5 to 10 Carat IGI Certified LAB-GROWN Cross Diamond Pendant Necklace 4 Prong Value Collection (G-H Color VS1-VS2 Clarity) 14K White Gold 16"" Gold Chain 4 Carat",1996.59
LG PC PN DE 4 14D GH VS1VS2 16 G-BB1,B0H2J15N86,"Houston Diamond District 0.5 to 10 Carat IGI Certified LAB-GROWN Cross Diamond Pendant Necklace 4 Prong Value Collection (G-H Color VS1-VS2 Clarity) 14K Yellow Gold 16"" Gold Chain 4 Carat",1996.59
LG PC PN 4 PLT GH VS1VS2 16 G,B0CJJX1HWR,"Houston Diamond District 0.5 to 10 Carat IGI Certified LAB-GROWN Cross Diamond Pendant Necklace 4 Prong Value Collection (G-H Color VS1-VS2 Clarity) Platinum 16"" Gold Chain 4 Carat",2340.29
LG PC PN DE 5 14P GH VS1VS2 16 G,B0H2J5QRYC,"Houston Diamond District 0.5 to 10 Carat IGI Certified LAB-GROWN Cross Diamond Pendant Necklace 4 Prong Value Collection (G-H Color VS1-VS2 Clarity) 14K Rose Gold 16"" Gold Chain 5 Carat",2290.45
LG PC PN DE 5 14K GH VS1VS2 16 G,B0H2J8J939,"Houston Diamond District 0.5 to 10 Carat IGI Certified LAB-GROWN Cross Diamond Pendant Necklace 4 Prong Value Collection (G-H Color VS1-VS2 Clarity) 14K White Gold 16"" Gold Chain 5 Carat",2267.53
LG PC PN DE 5 14D GH VS1VS2 16 G,B0H2JF3PHW,"Houston Diamond District 0.5 to 10 Carat IGI Certified LAB-GROWN Cross Diamond Pendant Necklace 4 Prong Value Collection (G-H Color VS1-VS2 Clarity) 14K Yellow Gold 16"" Gold Chain 5 Carat",2267.53
LG PC PN DE 5 PLT GH VS1VS2 16 G,B0H2JMYBZT,"Houston Diamond District 0.5 to 10 Carat IGI Certified LAB-GROWN Cross Diamond Pendant Necklace 4 Prong Value Collection (G-H Color VS1-VS2 Clarity) Platinum 16"" Gold Chain 5 Carat",2611.23
LG PC PN DE 5 14P GH VS1VS2 16 G 6Ct,B0H2J6CZW8,"Houston Diamond District 0.5 to 10 Carat IGI Certified LAB-GROWN Cross Diamond Pendant Necklace 4 Prong Value Collection (G-H Color VS1-VS2 Clarity) 14K Rose Gold 16"" Gold Chain 6 Carat",3025.32
LG PC PN DE 5 14K GH VS1VS2 16 G 6Ct,B0H2JDBY44,"Houston Diamond District 0.5 to 10 Carat IGI Certified LAB-GROWN Cross Diamond Pendant Necklace 4 Prong Value Collection (G-H Color VS1-VS2 Clarity) 14K White Gold 16"" Gold Chain 6 Carat",3025.32
LG PC PN DE 5 14D GH VS1VS2 16 G 6Ct,B0H2J11BG1,"Houston Diamond District 0.5 to 10 Carat IGI Certified LAB-GROWN Cross Diamond Pendant Necklace 4 Prong Value Collection (G-H Color VS1-VS2 Clarity) 14K Yellow Gold 16"" Gold Chain 6 Carat",3025.32
LG PC PN DE 5 PLT GH VS1VS2 16 G 6Ct,B0H2J8HKLK,"Houston Diamond District 0.5 to 10 Carat IGI Certified LAB-GROWN Cross Diamond Pendant Necklace 4 Prong Value Collection (G-H Color VS1-VS2 Clarity) Platinum 16"" Gold Chain 6 Carat",3535.32
LG PC PN DE 5 14P GH VS1VS2 16 G 7Ct,B0H2JB6SWW,"Houston Diamond District 0.5 to 10 Carat IGI Certified LAB-GROWN Cross Diamond Pendant Necklace 4 Prong Value Collection (G-H Color VS1-VS2 Clarity) 14K Rose Gold 16"" Gold Chain 7 Carat",4125.82
LG PC PN DE 5 14K GH VS1VS2 16 G 7Ct,B0H2J7SLVC,"Houston Diamond District 0.5 to 10 Carat IGI Certified LAB-GROWN Cross Diamond Pendant Necklace 4 Prong Value Collection (G-H Color VS1-VS2 Clarity) 14K White Gold 16"" Gold Chain 7 Carat",4125.82
LG PC PN DE 5 14D GH VS1VS2 16 G 7Ct,B0H2J9DHWS,"Houston Diamond District 0.5 to 10 Carat IGI Certified LAB-GROWN Cross Diamond Pendant Necklace 4 Prong Value Collection (G-H Color VS1-VS2 Clarity) 14K Yellow Gold 16"" Gold Chain 7 Carat",4125.82
LG PC PN DE 5 PLT GH VS1VS2 16 G 7Ct,B0H2J6YGDJ,"Houston Diamond District 0.5 to 10 Carat IGI Certified LAB-GROWN Cross Diamond Pendant Necklace 4 Prong Value Collection (G-H Color VS1-VS2 Clarity) Platinum 16"" Gold Chain 7 Carat",4635.82
LG PC PN DE 5 14P GH VS1VS2 16 G 8Ct,B0H2J8318Q,"Houston Diamond District 0.5 to 10 Carat IGI Certified LAB-GROWN Cross Diamond Pendant Necklace 4 Prong Value Collection (G-H Color VS1-VS2 Clarity) 14K Rose Gold 16"" Gold Chain 8 Carat",4776.86
LG PC PN DE 5 14K GH VS1VS2 16 G 8Ct,B0H2J578JY,"Houston Diamond District 0.5 to 10 Carat IGI Certified LAB-GROWN Cross Diamond Pendant Necklace 4 Prong Value Collection (G-H Color VS1-VS2 Clarity) 14K White Gold 16"" Gold Chain 8 Carat",4776.86
LG PC PN DE 5 14D GH VS1VS2 16 G 8Ct,B0H2HY1SXX,"Houston Diamond District 0.5 to 10 Carat IGI Certified LAB-GROWN Cross Diamond Pendant Necklace 4 Prong Value Collection (G-H Color VS1-VS2 Clarity) 14K Yellow Gold 16"" Gold Chain 8 Carat",4776.86
LG PC PN DE 5 PLT GH VS1VS2 16 G 8Ct,B0H2J3X75Y,"Houston Diamond District 0.5 to 10 Carat IGI Certified LAB-GROWN Cross Diamond Pendant Necklace 4 Prong Value Collection (G-H Color VS1-VS2 Clarity) Platinum 16"" Gold Chain 8 Carat",5286.86
LG PC PN DE 5 14P GH VS1VS2 16 G 9Ct,B0H2HVLJZD,"Houston Diamond District 0.5 to 10 Carat IGI Certified LAB-GROWN Cross Diamond Pendant Necklace 4 Prong Value Collection (G-H Color VS1-VS2 Clarity) 14K Rose Gold 16"" Gold Chain 9 Carat",5557.9
LG PC PN DE 5 14K GH VS1VS2 16 G 9Ct,B0H2J6BFZ3,"Houston Diamond District 0.5 to 10 Carat IGI Certified LAB-GROWN Cross Diamond Pendant Necklace 4 Prong Value Collection (G-H Color VS1-VS2 Clarity) 14K White Gold 16"" Gold Chain 9 Carat",5557.9
LG PC PN DE 5 14D GH VS1VS2 16 G 9Ct,B0H2JBZDSK,"Houston Diamond District 0.5 to 10 Carat IGI Certified LAB-GROWN Cross Diamond Pendant Necklace 4 Prong Value Collection (G-H Color VS1-VS2 Clarity) 14K Yellow Gold 16"" Gold Chain 9 Carat",5557.9
LG PC PN DE 5 PLT GH VS1VS2 16 G 9Ct,B0H2J9JSHF,"Houston Diamond District 0.5 to 10 Carat IGI Certified LAB-GROWN Cross Diamond Pendant Necklace 4 Prong Value Collection (G-H Color VS1-VS2 Clarity) Platinum 16"" Gold Chain 9 Carat",6067.9
LG PC PN DE 5 14P GH VS1VS2 16 G 10Ct,B0H2J6BFZ9,"Houston Diamond District 0.5 to 10 Carat IGI Certified LAB-GROWN Cross Diamond Pendant Necklace 4 Prong Value Collection (G-H Color VS1-VS2 Clarity) 14K Rose Gold 16"" Gold Chain 10 Carat",6660.6
LG PC PN DE 5 14K GH VS1VS2 16 G 10Ct,B0H2JFHRH4,"Houston Diamond District 0.5 to 10 Carat IGI Certified LAB-GROWN Cross Diamond Pendant Necklace 4 Prong Value Collection (G-H Color VS1-VS2 Clarity) 14K White Gold 16"" Gold Chain 10 Carat",6660.6
LG PC PN DE 5 14D GH VS1VS2 16 G 10Ct,B0H2J76NQ9,"Houston Diamond District 0.5 to 10 Carat IGI Certified LAB-GROWN Cross Diamond Pendant Necklace 4 Prong Value Collection (G-H Color VS1-VS2 Clarity) 14K Yellow Gold 16"" Gold Chain 10 Carat",6660.6
LG PC PN DE 5 PLT GH VS1VS2 16 G 10Ct,B0H2J7JX23,"Houston Diamond District 0.5 to 10 Carat IGI Certified LAB-GROWN Cross Diamond Pendant Necklace 4 Prong Value Collection (G-H Color VS1-VS2 Clarity) Platinum 16"" Gold Chain 10 Carat",7170.6
LG PC PN DE 0.5 14P GH VS1VS2 16 S,B0H2J415BF,"Houston Diamond District 0.5 to 10 Carat IGI Certified LAB-GROWN Cross Diamond Pendant Necklace 4 Prong Value Collection (G-H Color VS1-VS2 Clarity) 14K Rose Gold 16"" Silver Chain 0.5 Carat",452.53
LG PC PN 0.5 14K GH VS1VS2 16 S,B0CJJY3QP1,"Houston Diamond District 0.5 to 10 Carat IGI Certified LAB-GROWN Cross Diamond Pendant Necklace 4 Prong Value Collection (G-H Color VS1-VS2 Clarity) 14K White Gold 16"" Silver Chain 0.5 Carat",429.62
LG PC PN 0.5 14D GH VS1VS2 16 S,B0CJJYC4GC,"Houston Diamond District 0.5 to 10 Carat IGI Certified LAB-GROWN Cross Diamond Pendant Necklace 4 Prong Value Collection (G-H Color VS1-VS2 Clarity) 14K Yellow Gold 16"" Silver Chain 0.5 Carat",429.62
LG PC PN DE 0.5 PLT GH VS1VS2 16 S,B0H2JHYBBM,"Houston Diamond District 0.5 to 10 Carat IGI Certified LAB-GROWN Cross Diamond Pendant Necklace 4 Prong Value Collection (G-H Color VS1-VS2 Clarity) Platinum 16"" Silver Chain 0.5 Carat",773.32
LG PC PN DE 0.75 14P GH VS1VS2 16 S,B0H2J6GT68,"Houston Diamond District 0.5 to 10 Carat IGI Certified LAB-GROWN Cross Diamond Pendant Necklace 4 Prong Value Collection (G-H Color VS1-VS2 Clarity) 14K Rose Gold 16"" Silver Chain 0.75 Carat",640.32
LG PC PN DE 0.75 14K GH VS1VS2 16 S,B0H2J2HL15,"Houston Diamond District 0.5 to 10 Carat IGI Certified LAB-GROWN Cross Diamond Pendant Necklace 4 Prong Value Collection (G-H Color VS1-VS2 Clarity) 14K White Gold 16"" Silver Chain 0.75 Carat",617.41
LG PC PN DE 0.75 14D GH VS1VS2 16 S,B0H2JF5VTF,"Houston Diamond District 0.5 to 10 Carat IGI Certified LAB-GROWN Cross Diamond Pendant Necklace 4 Prong Value Collection (G-H Color VS1-VS2 Clarity) 14K Yellow Gold 16"" Silver Chain 0.75 Carat",617.41
LG PC PN DE 0.75 PLT GH VS1VS2 16 S,B0H2J84YQ2,"Houston Diamond District 0.5 to 10 Carat IGI Certified LAB-GROWN Cross Diamond Pendant Necklace 4 Prong Value Collection (G-H Color VS1-VS2 Clarity) Platinum 16"" Silver Chain 0.75 Carat",961.11
LG PC PN DE 1 14P GH VS1VS2 16 S,B0H2J4BF76,"Houston Diamond District 0.5 to 10 Carat IGI Certified LAB-GROWN Cross Diamond Pendant Necklace 4 Prong Value Collection (G-H Color VS1-VS2 Clarity) 14K Rose Gold 16"" Silver Chain 1 Carat",628.97
LG PC PN 1 14K GH VS1VS2 16 S,B0CJJZJ46S,"Houston Diamond District 0.5 to 10 Carat IGI Certified LAB-GROWN Cross Diamond Pendant Necklace 4 Prong Value Collection (G-H Color VS1-VS2 Clarity) 14K White Gold 16"" Silver Chain 1 Carat",628.97
LG PC PN 1 14D GH VS1VS2 16 S,B0CJJZS3KC,"Houston Diamond District 0.5 to 10 Carat IGI Certified LAB-GROWN Cross Diamond Pendant Necklace 4 Prong Value Collection (G-H Color VS1-VS2 Clarity) 14K Yellow Gold 16"" Silver Chain 1 Carat",628.97
LG PC PN DE 1 PLT GH VS1VS2 16 S,B0H2J7SLV7,"Houston Diamond District 0.5 to 10 Carat IGI Certified LAB-GROWN Cross Diamond Pendant Necklace 4 Prong Value Collection (G-H Color VS1-VS2 Clarity) Platinum 16"" Silver Chain 1 Carat",972.67
LG PC PN 1 SS GH VS1VS2 16 S,B0FMHB8JZL,"Houston Diamond District 0.5 to 10 Carat IGI Certified LAB-GROWN Cross Diamond Pendant Necklace 4 Prong Value Collection (G-H Color VS1-VS2 Clarity) Sterling Silver 16"" Silver Chain 1 Carat",269.0
LG PC PN DE 1.5 14P GH VS1VS2 16 S,B0H2J4BF75,"Houston Diamond District 0.5 to 10 Carat IGI Certified LAB-GROWN Cross Diamond Pendant Necklace 4 Prong Value Collection (G-H Color VS1-VS2 Clarity) 14K Rose Gold 16"" Silver Chain 1.5 Carat",800.82
LG PC PN 1.5 14K GH VS1VS2 16 S,B0CJJV52RN,"Houston Diamond District 0.5 to 10 Carat IGI Certified LAB-GROWN Cross Diamond Pendant Necklace 4 Prong Value Collection (G-H Color VS1-VS2 Clarity) 14K White Gold 16"" Silver Chain 1.5 Carat",800.82
LG PC PN DE 1.5 14D GH VS1VS2 16 S,B0H2J3X75X,"Houston Diamond District 0.5 to 10 Carat IGI Certified LAB-GROWN Cross Diamond Pendant Necklace 4 Prong Value Collection (G-H Color VS1-VS2 Clarity) 14K Yellow Gold 16"" Silver Chain 1.5 Carat",800.82
LG PC PN DE 1.5 PLT GH VS1VS2 16 S,B0H2JHYBBD,"Houston Diamond District 0.5 to 10 Carat IGI Certified LAB-GROWN Cross Diamond Pendant Necklace 4 Prong Value Collection (G-H Color VS1-VS2 Clarity) Platinum 16"" Silver Chain 1.5 Carat",1144.52
LG PC PN DE 2 14P GH VS1VS2 16 S,B0H2JCF5NJ,"Houston Diamond District 0.5 to 10 Carat IGI Certified LAB-GROWN Cross Diamond Pendant Necklace 4 Prong Value Collection (G-H Color VS1-VS2 Clarity) 14K Rose Gold 16"" Silver Chain 2 Carat",1029.96
LG PC PN 2 14K GH VS1VS2 16 S,B0CJJY75FP,"Houston Diamond District 0.5 to 10 Carat IGI Certified LAB-GROWN Cross Diamond Pendant Necklace 4 Prong Value Collection (G-H Color VS1-VS2 Clarity) 14K White Gold 16"" Silver Chain 2 Carat",1029.96
LG PC PN DE 2 14D GH VS1VS2 16 S,B0H2J5QRYL,"Houston Diamond District 0.5 to 10 Carat IGI Certified LAB-GROWN Cross Diamond Pendant Necklace 4 Prong Value Collection (G-H Color VS1-VS2 Clarity) 14K Yellow Gold 16"" Silver Chain 2 Carat",1029.96
LG PC PN DE 2 PLT GH VS1VS2 16 S,B0H2J5ZLSQ,"Houston Diamond District 0.5 to 10 Carat IGI Certified LAB-GROWN Cross Diamond Pendant Necklace 4 Prong Value Collection (G-H Color VS1-VS2 Clarity) Platinum 16"" Silver Chain 2 Carat",1373.65
LG PC PN DE 3 14P GH VS1VS2 16 S,B0H2J3847L,"Houston Diamond District 0.5 to 10 Carat IGI Certified LAB-GROWN Cross Diamond Pendant Necklace 4 Prong Value Collection (G-H Color VS1-VS2 Clarity) 14K Rose Gold 16"" Silver Chain 3 Carat",1481.61
LG PC PN DE 3 14K GH VS1VS2 16 S,B0H2J9ZLPZ,"Houston Diamond District 0.5 to 10 Carat IGI Certified LAB-GROWN Cross Diamond Pendant Necklace 4 Prong Value Collection (G-H Color VS1-VS2 Clarity) 14K White Gold 16"" Silver Chain 3 Carat",1481.61
LG PC PN DE 3 14D GH VS1VS2 16 S,B0H2JDX2M2,"Houston Diamond District 0.5 to 10 Carat IGI Certified LAB-GROWN Cross Diamond Pendant Necklace 4 Prong Value Collection (G-H Color VS1-VS2 Clarity) 14K Yellow Gold 16"" Silver Chain 3 Carat",1481.61
LG PC PN DE 3 PLT GH VS1VS2 16 S,B0H2J7P3HH,"Houston Diamond District 0.5 to 10 Carat IGI Certified LAB-GROWN Cross Diamond Pendant Necklace 4 Prong Value Collection (G-H Color VS1-VS2 Clarity) Platinum 16"" Silver Chain 3 Carat",1735.13
LG PC PN DE 4 14P GH VS1VS2 16 S-BB1,B0H2JBRDXY,"Houston Diamond District 0.5 to 10 Carat IGI Certified LAB-GROWN Cross Diamond Pendant Necklace 4 Prong Value Collection (G-H Color VS1-VS2 Clarity) 14K Rose Gold 16"" Silver Chain 4 Carat",1985.12
LG PC PN 4 14K GH VS1VS2 16 S,B0CJJXPDGB,"Houston Diamond District 0.5 to 10 Carat IGI Certified LAB-GROWN Cross Diamond Pendant Necklace 4 Prong Value Collection (G-H Color VS1-VS2 Clarity) 14K White Gold 16"" Silver Chain 4 Carat",1962.21
LG PC PN DE 4 14D GH VS1VS2 16 S,B0H2J3H2YW,"Houston Diamond District 0.5 to 10 Carat IGI Certified LAB-GROWN Cross Diamond Pendant Necklace 4 Prong Value Collection (G-H Color VS1-VS2 Clarity) 14K Yellow Gold 16"" Silver Chain 4 Carat",1865.28
LG PC PN DE 4 PLT GH VS1VS2 16 S,B0H2J575FR,"Houston Diamond District 0.5 to 10 Carat IGI Certified LAB-GROWN Cross Diamond Pendant Necklace 4 Prong Value Collection (G-H Color VS1-VS2 Clarity) Platinum 16"" Silver Chain 4 Carat",2192.0
LG PC PN DE 5 14P GH VS1VS2 16 S,B0H2JZ4SRF,"Houston Diamond District 0.5 to 10 Carat IGI Certified LAB-GROWN Cross Diamond Pendant Necklace 4 Prong Value Collection (G-H Color VS1-VS2 Clarity) 14K Rose Gold 16"" Silver Chain 5 Carat",2256.08
LG PC PN DE 5 14K GH VS1VS2 16 S,B0H2J8HG2C,"Houston Diamond District 0.5 to 10 Carat IGI Certified LAB-GROWN Cross Diamond Pendant Necklace 4 Prong Value Collection (G-H Color VS1-VS2 Clarity) 14K White Gold 16"" Silver Chain 5 Carat",2233.17
LG PC PN DE 5 14D GH VS1VS2 16 S,B0H2J9QGNZ,"Houston Diamond District 0.5 to 10 Carat IGI Certified LAB-GROWN Cross Diamond Pendant Necklace 4 Prong Value Collection (G-H Color VS1-VS2 Clarity) 14K Yellow Gold 16"" Silver Chain 5 Carat",2233.17
LG PC PN DE 5 PLT GH VS1VS2 16 S,B0H2J4W9HH,"Houston Diamond District 0.5 to 10 Carat IGI Certified LAB-GROWN Cross Diamond Pendant Necklace 4 Prong Value Collection (G-H Color VS1-VS2 Clarity) Platinum 16"" Silver Chain 5 Carat",2576.87
LG PC PN DE 5 14P GH VS1VS2 16 S 6Ct,B0H2J5DYXJ,"Houston Diamond District 0.5 to 10 Carat IGI Certified LAB-GROWN Cross Diamond Pendant Necklace 4 Prong Value Collection (G-H Color VS1-VS2 Clarity) 14K Rose Gold 16"" Silver Chain 6 Carat",2974.32
LG PC PN DE 5 14K GH VS1VS2 16 S 6Ct,B0H2J5ZTHS,"Houston Diamond District 0.5 to 10 Carat IGI Certified LAB-GROWN Cross Diamond Pendant Necklace 4 Prong Value Collection (G-H Color VS1-VS2 Clarity) 14K White Gold 16"" Silver Chain 6 Carat",2974.32
LG PC PN DE 5 14D GH VS1VS2 16 S 6Ct,B0H2JDFQ2W,"Houston Diamond District 0.5 to 10 Carat IGI Certified LAB-GROWN Cross Diamond Pendant Necklace 4 Prong Value Collection (G-H Color VS1-VS2 Clarity) 14K Yellow Gold 16"" Silver Chain 6 Carat",2974.32
LG PC PN DE 5 PLT GH VS1VS2 16 S 6Ct,B0H2J868PY,"Houston Diamond District 0.5 to 10 Carat IGI Certified LAB-GROWN Cross Diamond Pendant Necklace 4 Prong Value Collection (G-H Color VS1-VS2 Clarity) Platinum 16"" Silver Chain 6 Carat",3484.32
LG PC PN DE 5 14P GH VS1VS2 16 S 7Ct,B0H2JFTFWM,"Houston Diamond District 0.5 to 10 Carat IGI Certified LAB-GROWN Cross Diamond Pendant Necklace 4 Prong Value Collection (G-H Color VS1-VS2 Clarity) 14K Rose Gold 16"" Silver Chain 7 Carat",4074.82
LG PC PN DE 5 14K GH VS1VS2 16 S 7Ct,B0H2J66BN6,"Houston Diamond District 0.5 to 10 Carat IGI Certified LAB-GROWN Cross Diamond Pendant Necklace 4 Prong Value Collection (G-H Color VS1-VS2 Clarity) 14K White Gold 16"" Silver Chain 7 Carat",4074.82
LG PC PN DE 5 14D GH VS1VS2 16 S 7Ct,B0H2JDZCCZ,"Houston Diamond District 0.5 to 10 Carat IGI Certified LAB-GROWN Cross Diamond Pendant Necklace 4 Prong Value Collection (G-H Color VS1-VS2 Clarity) 14K Yellow Gold 16"" Silver Chain 7 Carat",4074.82
LG PC PN DE 5 PLT GH VS1VS2 16 S 7Ct,B0H2J1QWQ3,"Houston Diamond District 0.5 to 10 Carat IGI Certified LAB-GROWN Cross Diamond Pendant Necklace 4 Prong Value Collection (G-H Color VS1-VS2 Clarity) Platinum 16"" Silver Chain 7 Carat",4584.82
LG PC PN DE 5 14P GH VS1VS2 16 S 8Ct,B0H2J9DHWJ,"Houston Diamond District 0.5 to 10 Carat IGI Certified LAB-GROWN Cross Diamond Pendant Necklace 4 Prong Value Collection (G-H Color VS1-VS2 Clarity) 14K Rose Gold 16"" Silver Chain 8 Carat",4725.86
LG PC PN DE 5 14K GH VS1VS2 16 S 8Ct,B0H2J85Q4D,"Houston Diamond District 0.5 to 10 Carat IGI Certified LAB-GROWN Cross Diamond Pendant Necklace 4 Prong Value Collection (G-H Color VS1-VS2 Clarity) 14K White Gold 16"" Silver Chain 8 Carat",4725.86
LG PC PN DE 5 14D GH VS1VS2 16 S 8Ct,B0H2J9BF67,"Houston Diamond District 0.5 to 10 Carat IGI Certified LAB-GROWN Cross Diamond Pendant Necklace 4 Prong Value Collection (G-H Color VS1-VS2 Clarity) 14K Yellow Gold 16"" Silver Chain 8 Carat",4725.86
LG PC PN DE 5 PLT GH VS1VS2 16 S 8Ct,B0H2J9TD22,"Houston Diamond District 0.5 to 10 Carat IGI Certified LAB-GROWN Cross Diamond Pendant Necklace 4 Prong Value Collection (G-H Color VS1-VS2 Clarity) Platinum 16"" Silver Chain 8 Carat",5235.86
LG PC PN DE 5 14P GH VS1VS2 16 S 9Ct,B0H2J6YQ2R,"Houston Diamond District 0.5 to 10 Carat IGI Certified LAB-GROWN Cross Diamond Pendant Necklace 4 Prong Value Collection (G-H Color VS1-VS2 Clarity) 14K Rose Gold 16"" Silver Chain 9 Carat",5506.9
LG PC PN DE 5 14K GH VS1VS2 16 S 9Ct,B0H2J63MNM,"Houston Diamond District 0.5 to 10 Carat IGI Certified LAB-GROWN Cross Diamond Pendant Necklace 4 Prong Value Collection (G-H Color VS1-VS2 Clarity) 14K White Gold 16"" Silver Chain 9 Carat",5506.9
LG PC PN DE 5 14D GH VS1VS2 16 S 9Ct,B0H2JH59MJ,"Houston Diamond District 0.5 to 10 Carat IGI Certified LAB-GROWN Cross Diamond Pendant Necklace 4 Prong Value Collection (G-H Color VS1-VS2 Clarity) 14K Yellow Gold 16"" Silver Chain 9 Carat",5506.9
LG PC PN DE 5 PLT GH VS1VS2 16 S 9Ct,B0H2JKCH18,"Houston Diamond District 0.5 to 10 Carat IGI Certified LAB-GROWN Cross Diamond Pendant Necklace 4 Prong Value Collection (G-H Color VS1-VS2 Clarity) Platinum 16"" Silver Chain 9 Carat",6016.9
LG PC PN DE 5 14P GH VS1VS2 16 S 10Ct,B0H2J855RS,"Houston Diamond District 0.5 to 10 Carat IGI Certified LAB-GROWN Cross Diamond Pendant Necklace 4 Prong Value Collection (G-H Color VS1-VS2 Clarity) 14K Rose Gold 16"" Silver Chain 10 Carat",6609.6
LG PC PN DE 5 14K GH VS1VS2 16 S 10Ct,B0H2J88M5N,"Houston Diamond District 0.5 to 10 Carat IGI Certified LAB-GROWN Cross Diamond Pendant Necklace 4 Prong Value Collection (G-H Color VS1-VS2 Clarity) 14K White Gold 16"" Silver Chain 10 Carat",6609.6
LG PC PN DE 5 14D GH VS1VS2 16 S 10Ct,B0H2J83187,"Houston Diamond District 0.5 to 10 Carat IGI Certified LAB-GROWN Cross Diamond Pendant Necklace 4 Prong Value Collection (G-H Color VS1-VS2 Clarity) 14K Yellow Gold 16"" Silver Chain 10 Carat",6609.6
LG PC PN DE 5 PLT GH VS1VS2 16 S 10Ct,B0H2J817LX,"Houston Diamond District 0.5 to 10 Carat IGI Certified LAB-GROWN Cross Diamond Pendant Necklace 4 Prong Value Collection (G-H Color VS1-VS2 Clarity) Platinum 16"" Silver Chain 10 Carat",7119.6
LG PC PN DE 0.5 14P GH VS1VS2 18 G,B0H2JDK5RS,"Houston Diamond District 0.5 to 10 Carat IGI Certified LAB-GROWN Cross Diamond Pendant Necklace 4 Prong Value Collection (G-H Color VS1-VS2 Clarity) 14K Rose Gold 18"" Gold Chain 0.5 Carat",521.28
LG PC PN 0.5 14K GH VS1VS2 18 G,B0CJJZB36V,"Houston Diamond District 0.5 to 10 Carat IGI Certified LAB-GROWN Cross Diamond Pendant Necklace 4 Prong Value Collection (G-H Color VS1-VS2 Clarity) 14K White Gold 18"" Gold Chain 0.5 Carat",498.36
LG PC PN 0.5 14D GH VS1VS2 18 G,B0CJJYB8VV,"Houston Diamond District 0.5 to 10 Carat IGI Certified LAB-GROWN Cross Diamond Pendant Necklace 4 Prong Value Collection (G-H Color VS1-VS2 Clarity) 14K Yellow Gold 18"" Gold Chain 0.5 Carat",498.36
LG PC PN DE 0.5 PLT GH VS1VS2 18 G,B0H2JBV8FS,"Houston Diamond District 0.5 to 10 Carat IGI Certified LAB-GROWN Cross Diamond Pendant Necklace 4 Prong Value Collection (G-H Color VS1-VS2 Clarity) Platinum 18"" Gold Chain 0.5 Carat",842.06
LG PC PN DE 0.75 14P GH VS1VS2 18 G,B0H2J7172S,"Houston Diamond District 0.5 to 10 Carat IGI Certified LAB-GROWN Cross Diamond Pendant Necklace 4 Prong Value Collection (G-H Color VS1-VS2 Clarity) 14K Rose Gold 18"" Gold Chain 0.75 Carat",709.05
LG PC PN 0.75 14K GH VS1VS2 18 G,B0CJJVVH4Y,"Houston Diamond District 0.5 to 10 Carat IGI Certified LAB-GROWN Cross Diamond Pendant Necklace 4 Prong Value Collection (G-H Color VS1-VS2 Clarity) 14K White Gold 18"" Gold Chain 0.75 Carat",686.14
LG PC PN 0.75 14D GH VS1VS2 18 G,B0CJJZNN3H,"Houston Diamond District 0.5 to 10 Carat IGI Certified LAB-GROWN Cross Diamond Pendant Necklace 4 Prong Value Collection (G-H Color VS1-VS2 Clarity) 14K Yellow Gold 18"" Gold Chain 0.75 Carat",686.14
LG PC PN DE 0.75 PLT GH VS1VS2 18 G,B0H2J5Z1B7,"Houston Diamond District 0.5 to 10 Carat IGI Certified LAB-GROWN Cross Diamond Pendant Necklace 4 Prong Value Collection (G-H Color VS1-VS2 Clarity) Platinum 18"" Gold Chain 0.75 Carat",1029.84
LG PC PN DE 1 14P GH VS1VS2 18 G,B0H2JJJ4FY,"Houston Diamond District 0.5 to 10 Carat IGI Certified LAB-GROWN Cross Diamond Pendant Necklace 4 Prong Value Collection (G-H Color VS1-VS2 Clarity) 14K Rose Gold 18"" Gold Chain 1 Carat",754.99
LG PC PN 1 14K GH VS1VS2 18 G,B0CJJXR5ZX,"Houston Diamond District 0.5 to 10 Carat IGI Certified LAB-GROWN Cross Diamond Pendant Necklace 4 Prong Value Collection (G-H Color VS1-VS2 Clarity) 14K White Gold 18"" Gold Chain 1 Carat",754.99
LG PC PN 1 14D GH VS1VS2 18 G,B0CJJWTYFB,"Houston Diamond District 0.5 to 10 Carat IGI Certified LAB-GROWN Cross Diamond Pendant Necklace 4 Prong Value Collection (G-H Color VS1-VS2 Clarity) 14K Yellow Gold 18"" Gold Chain 1 Carat",754.99
LG PC PN DE 1 PLT GH VS1VS2 18 G,B0H2J5D6YG,"Houston Diamond District 0.5 to 10 Carat IGI Certified LAB-GROWN Cross Diamond Pendant Necklace 4 Prong Value Collection (G-H Color VS1-VS2 Clarity) Platinum 18"" Gold Chain 1 Carat",1098.69
LG PC PN DE 1 SS GH VS1VS2 18 G,B0H2J34PD7,"Houston Diamond District 0.5 to 10 Carat IGI Certified LAB-GROWN Cross Diamond Pendant Necklace 4 Prong Value Collection (G-H Color VS1-VS2 Clarity) Sterling Silver 18"" Gold Chain 1 Carat",349.0
LG PC PN DE 1.5 14P GH VS1VS2 18 G,B0H2J55R25,"Houston Diamond District 0.5 to 10 Carat IGI Certified LAB-GROWN Cross Diamond Pendant Necklace 4 Prong Value Collection (G-H Color VS1-VS2 Clarity) 14K Rose Gold 18"" Gold Chain 1.5 Carat",892.47
LG PC PN DE 1.5 14K GH VS1VS2 18 G,B0H2J4PFX4,"Houston Diamond District 0.5 to 10 Carat IGI Certified LAB-GROWN Cross Diamond Pendant Necklace 4 Prong Value Collection (G-H Color VS1-VS2 Clarity) 14K White Gold 18"" Gold Chain 1.5 Carat",892.47
LG PC PN 1.5 14D GH VS1VS2 18 G,B0CJJZ74NN,"Houston Diamond District 0.5 to 10 Carat IGI Certified LAB-GROWN Cross Diamond Pendant Necklace 4 Prong Value Collection (G-H Color VS1-VS2 Clarity) 14K Yellow Gold 18"" Gold Chain 1.5 Carat",892.47
LG PC PN DE 1.5 PLT GH VS1VS2 18 G,B0H2HYYHQB,"Houston Diamond District 0.5 to 10 Carat IGI Certified LAB-GROWN Cross Diamond Pendant Necklace 4 Prong Value Collection (G-H Color VS1-VS2 Clarity) Platinum 18"" Gold Chain 1.5 Carat",1236.17
LG PC PN DE 2 14P GH VS1VS2 18 G,B0H2HYMR98,"Houston Diamond District 0.5 to 10 Carat IGI Certified LAB-GROWN Cross Diamond Pendant Necklace 4 Prong Value Collection (G-H Color VS1-VS2 Clarity) 14K Rose Gold 18"" Gold Chain 2 Carat",1121.6
LG PC PN DE 2 14K GH VS1VS2 18 G,B0H2J3YH8Q,"Houston Diamond District 0.5 to 10 Carat IGI Certified LAB-GROWN Cross Diamond Pendant Necklace 4 Prong Value Collection (G-H Color VS1-VS2 Clarity) 14K White Gold 18"" Gold Chain 2 Carat",1121.6
LG PC PN DE 2 14D GH VS1VS2 18 G,B0H2JDNM5T,"Houston Diamond District 0.5 to 10 Carat IGI Certified LAB-GROWN Cross Diamond Pendant Necklace 4 Prong Value Collection (G-H Color VS1-VS2 Clarity) 14K Yellow Gold 18"" Gold Chain 2 Carat",1121.6
LG PC PN DE 2 PLT GH VS1VS2 18 G,B0H2JD1394,"Houston Diamond District 0.5 to 10 Carat IGI Certified LAB-GROWN Cross Diamond Pendant Necklace 4 Prong Value Collection (G-H Color VS1-VS2 Clarity) Platinum 18"" Gold Chain 2 Carat",1465.3
LG PC PN DE 3 14P GH VS1VS2 18 G,B0H2J3PF6B,"Houston Diamond District 0.5 to 10 Carat IGI Certified LAB-GROWN Cross Diamond Pendant Necklace 4 Prong Value Collection (G-H Color VS1-VS2 Clarity) 14K Rose Gold 18"" Gold Chain 3 Carat",1573.26
LG PC PN DE 3 14K GH VS1VS2 18 G,B0H2J5JZ91,"Houston Diamond District 0.5 to 10 Carat IGI Certified LAB-GROWN Cross Diamond Pendant Necklace 4 Prong Value Collection (G-H Color VS1-VS2 Clarity) 14K White Gold 18"" Gold Chain 3 Carat",1573.26
LG PC PN DE 3 14D GH VS1VS2 18 G,B0H2J8X4LD,"Houston Diamond District 0.5 to 10 Carat IGI Certified LAB-GROWN Cross Diamond Pendant Necklace 4 Prong Value Collection (G-H Color VS1-VS2 Clarity) 14K Yellow Gold 18"" Gold Chain 3 Carat",1573.26
LG PC PN DE 3 PLT GH VS1VS2 18 G,B0H2JB5M89,"Houston Diamond District 0.5 to 10 Carat IGI Certified LAB-GROWN Cross Diamond Pendant Necklace 4 Prong Value Collection (G-H Color VS1-VS2 Clarity) Platinum 18"" Gold Chain 3 Carat",1916.96
LG PC PN DE 4 14P GH VS1VS2 18 G,B0H2J5BBVV,"Houston Diamond District 0.5 to 10 Carat IGI Certified LAB-GROWN Cross Diamond Pendant Necklace 4 Prong Value Collection (G-H Color VS1-VS2 Clarity) 14K Rose Gold 18"" Gold Chain 4 Carat",2053.87
LG PC PN DE 4 14K GH VS1VS2 18 G,B0H2J2MKCW,"Houston Diamond District 0.5 to 10 Carat IGI Certified LAB-GROWN Cross Diamond Pendant Necklace 4 Prong Value Collection (G-H Color VS1-VS2 Clarity) 14K White Gold 18"" Gold Chain 4 Carat",2030.95
LG PC PN DE 4 14D GH VS1VS2 18 G,B0H2J79TK4,"Houston Diamond District 0.5 to 10 Carat IGI Certified LAB-GROWN Cross Diamond Pendant Necklace 4 Prong Value Collection (G-H Color VS1-VS2 Clarity) 14K Yellow Gold 18"" Gold Chain 4 Carat",1930.63
LG PC PN DE 4 PLT GH VS1VS2 18 G,B0H2J1RDJR,"Houston Diamond District 0.5 to 10 Carat IGI Certified LAB-GROWN Cross Diamond Pendant Necklace 4 Prong Value Collection (G-H Color VS1-VS2 Clarity) Platinum 18"" Gold Chain 4 Carat",2374.65
LG PC PN DE 5 14P GH VS1VS2 18 G,B0H2J78ZCK,"Houston Diamond District 0.5 to 10 Carat IGI Certified LAB-GROWN Cross Diamond Pendant Necklace 4 Prong Value Collection (G-H Color VS1-VS2 Clarity) 14K Rose Gold 18"" Gold Chain 5 Carat",2209.96
LG PC PN DE 5 14K GH VS1VS2 18 G,B0H2J847SB,"Houston Diamond District 0.5 to 10 Carat IGI Certified LAB-GROWN Cross Diamond Pendant Necklace 4 Prong Value Collection (G-H Color VS1-VS2 Clarity) 14K White Gold 18"" Gold Chain 5 Carat",2301.91
LG PC PN 5 14D GH VS1VS2 18 G,B0CJJW8XK6,"Houston Diamond District 0.5 to 10 Carat IGI Certified LAB-GROWN Cross Diamond Pendant Necklace 4 Prong Value Collection (G-H Color VS1-VS2 Clarity) 14K Yellow Gold 18"" Gold Chain 5 Carat",2188.2
LG PC PN DE 5 PLT GH VS1VS2 18 G,B0H2J144WK,"Houston Diamond District 0.5 to 10 Carat IGI Certified LAB-GROWN Cross Diamond Pendant Necklace 4 Prong Value Collection (G-H Color VS1-VS2 Clarity) Platinum 18"" Gold Chain 5 Carat",2645.6
LG PC PN 5 14P GH VS1VS2 18 G 6Ct,B0FZKSH7S5,"Houston Diamond District 0.5 to 10 Carat IGI Certified LAB-GROWN Cross Diamond Pendant Necklace 4 Prong Value Collection (G-H Color VS1-VS2 Clarity) 14K Rose Gold 18"" Gold Chain 6 Carat",3055.92
LG PC PN DE 5 14K GH VS1VS2 18 G 6Ct,B0H2JDKWTX,"Houston Diamond District 0.5 to 10 Carat IGI Certified LAB-GROWN Cross Diamond Pendant Necklace 4 Prong Value Collection (G-H Color VS1-VS2 Clarity) 14K White Gold 18"" Gold Chain 6 Carat",3055.92
LG PC PN DE 5 14D GH VS1VS2 18 G 6Ct,B0H2J6KRT7,"Houston Diamond District 0.5 to 10 Carat IGI Certified LAB-GROWN Cross Diamond Pendant Necklace 4 Prong Value Collection (G-H Color VS1-VS2 Clarity) 14K Yellow Gold 18"" Gold Chain 6 Carat",3055.92
LG PC PN DE 5 PLT GH VS1VS2 18 G 6Ct,B0H2J7MDRF,"Houston Diamond District 0.5 to 10 Carat IGI Certified LAB-GROWN Cross Diamond Pendant Necklace 4 Prong Value Collection (G-H Color VS1-VS2 Clarity) Platinum 18"" Gold Chain 6 Carat",3565.92
LG PC PN DE 5 14P GH VS1VS2 18 G 7Ct,B0H2J5BHVR,"Houston Diamond District 0.5 to 10 Carat IGI Certified LAB-GROWN Cross Diamond Pendant Necklace 4 Prong Value Collection (G-H Color VS1-VS2 Clarity) 14K Rose Gold 18"" Gold Chain 7 Carat",4156.42
LG PC PN DE 5 14K GH VS1VS2 18 G 7Ct,B0H2JCKV82,"Houston Diamond District 0.5 to 10 Carat IGI Certified LAB-GROWN Cross Diamond Pendant Necklace 4 Prong Value Collection (G-H Color VS1-VS2 Clarity) 14K White Gold 18"" Gold Chain 7 Carat",4156.42
LG PC PN DE 5 14D GH VS1VS2 18 G 7Ct,B0H2J5491M,"Houston Diamond District 0.5 to 10 Carat IGI Certified LAB-GROWN Cross Diamond Pendant Necklace 4 Prong Value Collection (G-H Color VS1-VS2 Clarity) 14K Yellow Gold 18"" Gold Chain 7 Carat",4156.42
LG PC PN DE 5 PLT GH VS1VS2 18 G 7Ct,B0H2J8PHL1,"Houston Diamond District 0.5 to 10 Carat IGI Certified LAB-GROWN Cross Diamond Pendant Necklace 4 Prong Value Collection (G-H Color VS1-VS2 Clarity) Platinum 18"" Gold Chain 7 Carat",4666.42
LG PC PN DE 5 14P GH VS1VS2 18 G 8Ct,B0H2J8LNR6,"Houston Diamond District 0.5 to 10 Carat IGI Certified LAB-GROWN Cross Diamond Pendant Necklace 4 Prong Value Collection (G-H Color VS1-VS2 Clarity) 14K Rose Gold 18"" Gold Chain 8 Carat",4807.46
LG PC PN DE 5 14K GH VS1VS2 18 G 8Ct,B0H2J8Y88J,"Houston Diamond District 0.5 to 10 Carat IGI Certified LAB-GROWN Cross Diamond Pendant Necklace 4 Prong Value Collection (G-H Color VS1-VS2 Clarity) 14K White Gold 18"" Gold Chain 8 Carat",4807.46
LG PC PN DE 5 14D GH VS1VS2 18 G 8Ct,B0H2JZ4SRC,"Houston Diamond District 0.5 to 10 Carat IGI Certified LAB-GROWN Cross Diamond Pendant Necklace 4 Prong Value Collection (G-H Color VS1-VS2 Clarity) 14K Yellow Gold 18"" Gold Chain 8 Carat",4807.46
LG PC PN DE 5 PLT GH VS1VS2 18 G 8Ct,B0H2JBXNVX,"Houston Diamond District 0.5 to 10 Carat IGI Certified LAB-GROWN Cross Diamond Pendant Necklace 4 Prong Value Collection (G-H Color VS1-VS2 Clarity) Platinum 18"" Gold Chain 8 Carat",5317.46
LG PC PN DE 5 14P GH VS1VS2 18 G 9Ct,B0H2JJNK22,"Houston Diamond District 0.5 to 10 Carat IGI Certified LAB-GROWN Cross Diamond Pendant Necklace 4 Prong Value Collection (G-H Color VS1-VS2 Clarity) 14K Rose Gold 18"" Gold Chain 9 Carat",5588.5
LG PC PN DE 5 14K GH VS1VS2 18 G 9Ct,B0H2J5XWTK,"Houston Diamond District 0.5 to 10 Carat IGI Certified LAB-GROWN Cross Diamond Pendant Necklace 4 Prong Value Collection (G-H Color VS1-VS2 Clarity) 14K White Gold 18"" Gold Chain 9 Carat",5588.5
LG PC PN DE 5 14D GH VS1VS2 18 G 9Ct,B0H2J78BH3,"Houston Diamond District 0.5 to 10 Carat IGI Certified LAB-GROWN Cross Diamond Pendant Necklace 4 Prong Value Collection (G-H Color VS1-VS2 Clarity) 14K Yellow Gold 18"" Gold Chain 9 Carat",5588.5
LG PC PN DE 5 PLT GH VS1VS2 18 G 9Ct,B0H2J69938,"Houston Diamond District 0.5 to 10 Carat IGI Certified LAB-GROWN Cross Diamond Pendant Necklace 4 Prong Value Collection (G-H Color VS1-VS2 Clarity) Platinum 18"" Gold Chain 9 Carat",6098.5
LG PC PN DE 5 14P GH VS1VS2 18 G 10Ct,B0H2J81HDK,"Houston Diamond District 0.5 to 10 Carat IGI Certified LAB-GROWN Cross Diamond Pendant Necklace 4 Prong Value Collection (G-H Color VS1-VS2 Clarity) 14K Rose Gold 18"" Gold Chain 10 Carat",6691.2
LG PC PN DE 5 14K GH VS1VS2 18 G 10Ct,B0H2J5NVPY,"Houston Diamond District 0.5 to 10 Carat IGI Certified LAB-GROWN Cross Diamond Pendant Necklace 4 Prong Value Collection (G-H Color VS1-VS2 Clarity) 14K White Gold 18"" Gold Chain 10 Carat",6691.2
LG PC PN DE 5 14D GH VS1VS2 18 G 10Ct,B0H2JCWWC1,"Houston Diamond District 0.5 to 10 Carat IGI Certified LAB-GROWN Cross Diamond Pendant Necklace 4 Prong Value Collection (G-H Color VS1-VS2 Clarity) 14K Yellow Gold 18"" Gold Chain 10 Carat",6691.2
LG PC PN DE 5 PLT GH VS1VS2 18 G 10Ct,B0H2HZWXWQ,"Houston Diamond District 0.5 to 10 Carat IGI Certified LAB-GROWN Cross Diamond Pendant Necklace 4 Prong Value Collection (G-H Color VS1-VS2 Clarity) Platinum 18"" Gold Chain 10 Carat",7201.2
LG PC PN DE 0.5 14P GH VS1VS2 18 S,B0H2JF7BFH,"Houston Diamond District 0.5 to 10 Carat IGI Certified LAB-GROWN Cross Diamond Pendant Necklace 4 Prong Value Collection (G-H Color VS1-VS2 Clarity) 14K Rose Gold 18"" Silver Chain 0.5 Carat",475.45
LG PC PN 0.5 14K GH VS1VS2 18 S,B0CJJZSQXS,"Houston Diamond District 0.5 to 10 Carat IGI Certified LAB-GROWN Cross Diamond Pendant Necklace 4 Prong Value Collection (G-H Color VS1-VS2 Clarity) 14K White Gold 18"" Silver Chain 0.5 Carat",452.53
LG PC PN DE 0.5 14D GH VS1VS2 18 S,B0H2J7ZDDF,"Houston Diamond District 0.5 to 10 Carat IGI Certified LAB-GROWN Cross Diamond Pendant Necklace 4 Prong Value Collection (G-H Color VS1-VS2 Clarity) 14K Yellow Gold 18"" Silver Chain 0.5 Carat",452.53
LG PC PN DE 0.5 PLT GH VS1VS2 18 S,B0H2J35B9N,"Houston Diamond District 0.5 to 10 Carat IGI Certified LAB-GROWN Cross Diamond Pendant Necklace 4 Prong Value Collection (G-H Color VS1-VS2 Clarity) Platinum 18"" Silver Chain 0.5 Carat",796.23
LG PC PN DE 0.75 14P GH VS1VS2 18 S,B0H2J7W6MT,"Houston Diamond District 0.5 to 10 Carat IGI Certified LAB-GROWN Cross Diamond Pendant Necklace 4 Prong Value Collection (G-H Color VS1-VS2 Clarity) 14K Rose Gold 18"" Silver Chain 0.75 Carat",663.22
LG PC PN DE 0.75 14K GH VS1VS2 18 S,B0H2JDHB41,"Houston Diamond District 0.5 to 10 Carat IGI Certified LAB-GROWN Cross Diamond Pendant Necklace 4 Prong Value Collection (G-H Color VS1-VS2 Clarity) 14K White Gold 18"" Silver Chain 0.75 Carat",640.32
LG PC PN DE 0.75 14D GH VS1VS2 18 S,B0H2JCNSMG,"Houston Diamond District 0.5 to 10 Carat IGI Certified LAB-GROWN Cross Diamond Pendant Necklace 4 Prong Value Collection (G-H Color VS1-VS2 Clarity) 14K Yellow Gold 18"" Silver Chain 0.75 Carat",640.32
LG PC PN DE 0.75 PLT GH VS1VS2 18 S,B0H2J6NNQS,"Houston Diamond District 0.5 to 10 Carat IGI Certified LAB-GROWN Cross Diamond Pendant Necklace 4 Prong Value Collection (G-H Color VS1-VS2 Clarity) Platinum 18"" Silver Chain 0.75 Carat",984.01
LG PC PN DE 1 14P GH VS1VS2 18 S,B0H2J91MBF,"Houston Diamond District 0.5 to 10 Carat IGI Certified LAB-GROWN Cross Diamond Pendant Necklace 4 Prong Value Collection (G-H Color VS1-VS2 Clarity) 14K Rose Gold 18"" Silver Chain 1 Carat",663.34
LG PC PN 1 14K GH VS1VS2 18 S,B0CJJX23TG,"Houston Diamond District 0.5 to 10 Carat IGI Certified LAB-GROWN Cross Diamond Pendant Necklace 4 Prong Value Collection (G-H Color VS1-VS2 Clarity) 14K White Gold 18"" Silver Chain 1 Carat",663.34
LG PC PN DE 1 14D GH VS1VS2 18 S,B0H2J4DSRH,"Houston Diamond District 0.5 to 10 Carat IGI Certified LAB-GROWN Cross Diamond Pendant Necklace 4 Prong Value Collection (G-H Color VS1-VS2 Clarity) 14K Yellow Gold 18"" Silver Chain 1 Carat",663.34
LG PC PN DE 1 PLT GH VS1VS2 18 S,B0H2JGC7JW,"Houston Diamond District 0.5 to 10 Carat IGI Certified LAB-GROWN Cross Diamond Pendant Necklace 4 Prong Value Collection (G-H Color VS1-VS2 Clarity) Platinum 18"" Silver Chain 1 Carat",1007.04
LG PC PN 1 SS GH VS1VS2 18 S,B0FMGMV1GR,"Houston Diamond District 0.5 to 10 Carat IGI Certified LAB-GROWN Cross Diamond Pendant Necklace 4 Prong Value Collection (G-H Color VS1-VS2 Clarity) Sterling Silver 18"" Silver Chain 1 Carat",299.0
LG PC PN DE 1.5 14P GH VS1VS2 18 S,B0H2J97YQS,"Houston Diamond District 0.5 to 10 Carat IGI Certified LAB-GROWN Cross Diamond Pendant Necklace 4 Prong Value Collection (G-H Color VS1-VS2 Clarity) 14K Rose Gold 18"" Silver Chain 1.5 Carat",835.19
LG PC PN 1.5 14K GH VS1VS2 18 S,B0CJJY3883,"Houston Diamond District 0.5 to 10 Carat IGI Certified LAB-GROWN Cross Diamond Pendant Necklace 4 Prong Value Collection (G-H Color VS1-VS2 Clarity) 14K White Gold 18"" Silver Chain 1.5 Carat",835.19
LG PC PN DE 1.5 14D GH VS1VS2 18 S,B0H2JB9F64,"Houston Diamond District 0.5 to 10 Carat IGI Certified LAB-GROWN Cross Diamond Pendant Necklace 4 Prong Value Collection (G-H Color VS1-VS2 Clarity) 14K Yellow Gold 18"" Silver Chain 1.5 Carat",835.19
LG PC PN DE 1.5 PLT GH VS1VS2 18 S,B0H2JBR3VV,"Houston Diamond District 0.5 to 10 Carat IGI Certified LAB-GROWN Cross Diamond Pendant Necklace 4 Prong Value Collection (G-H Color VS1-VS2 Clarity) Platinum 18"" Silver Chain 1.5 Carat",1178.89
LG PC PN DE 2 14P GH VS1VS2 18 S,B0H2JJMBZB,"Houston Diamond District 0.5 to 10 Carat IGI Certified LAB-GROWN Cross Diamond Pendant Necklace 4 Prong Value Collection (G-H Color VS1-VS2 Clarity) 14K Rose Gold 18"" Silver Chain 2 Carat",1064.32
LG PC PN DE 2 14K GH VS1VS2 18 S,B0H2JJLM2Z,"Houston Diamond District 0.5 to 10 Carat IGI Certified LAB-GROWN Cross Diamond Pendant Necklace 4 Prong Value Collection (G-H Color VS1-VS2 Clarity) 14K White Gold 18"" Silver Chain 2 Carat",1064.32
LG PC PN DE 2 14D GH VS1VS2 18 S,B0H2J5BR3Y,"Houston Diamond District 0.5 to 10 Carat IGI Certified LAB-GROWN Cross Diamond Pendant Necklace 4 Prong Value Collection (G-H Color VS1-VS2 Clarity) 14K Yellow Gold 18"" Silver Chain 2 Carat",1064.32
LG PC PN 2 PLT GH VS1VS2 18 S,B0CJJZ6111,"Houston Diamond District 0.5 to 10 Carat IGI Certified LAB-GROWN Cross Diamond Pendant Necklace 4 Prong Value Collection (G-H Color VS1-VS2 Clarity) Platinum 18"" Silver Chain 2 Carat",1408.02
LG PC PN DE 3 14P GH VS1VS2 18 S,B0H2JD3S7L,"Houston Diamond District 0.5 to 10 Carat IGI Certified LAB-GROWN Cross Diamond Pendant Necklace 4 Prong Value Collection (G-H Color VS1-VS2 Clarity) 14K Rose Gold 18"" Silver Chain 3 Carat",1515.98
LG PC PN 3 14K GH VS1VS2 18 S,B0CJJYDRBX,"Houston Diamond District 0.5 to 10 Carat IGI Certified LAB-GROWN Cross Diamond Pendant Necklace 4 Prong Value Collection (G-H Color VS1-VS2 Clarity) 14K White Gold 18"" Silver Chain 3 Carat",1515.98
LG PC PN DE 3 14D GH VS1VS2 18 S,B0H2J8FK7J,"Houston Diamond District 0.5 to 10 Carat IGI Certified LAB-GROWN Cross Diamond Pendant Necklace 4 Prong Value Collection (G-H Color VS1-VS2 Clarity) 14K Yellow Gold 18"" Silver Chain 3 Carat",1515.98
LG PC PN DE 3 PLT GH VS1VS2 18 S,B0H2J59PDS,"Houston Diamond District 0.5 to 10 Carat IGI Certified LAB-GROWN Cross Diamond Pendant Necklace 4 Prong Value Collection (G-H Color VS1-VS2 Clarity) Platinum 18"" Silver Chain 3 Carat",1767.8
LG PC PN DE 4 14P GH VS1VS2 18 S,B0H2J5CM2V,"Houston Diamond District 0.5 to 10 Carat IGI Certified LAB-GROWN Cross Diamond Pendant Necklace 4 Prong Value Collection (G-H Color VS1-VS2 Clarity) 14K Rose Gold 18"" Silver Chain 4 Carat",2008.04
LG PC PN DE 4 14K GH VS1VS2 18 S,B0H2J6XHF8,"Houston Diamond District 0.5 to 10 Carat IGI Certified LAB-GROWN Cross Diamond Pendant Necklace 4 Prong Value Collection (G-H Color VS1-VS2 Clarity) 14K White Gold 18"" Silver Chain 4 Carat",1985.12
LG PC PN DE 4 14D GH VS1VS2 18 S,B0H2JB1TNN,"Houston Diamond District 0.5 to 10 Carat IGI Certified LAB-GROWN Cross Diamond Pendant Necklace 4 Prong Value Collection (G-H Color VS1-VS2 Clarity) 14K Yellow Gold 18"" Silver Chain 4 Carat",1985.12
LG PC PN DE 4 PLT GH VS1VS2 18 S,B0H2J422XK,"Houston Diamond District 0.5 to 10 Carat IGI Certified LAB-GROWN Cross Diamond Pendant Necklace 4 Prong Value Collection (G-H Color VS1-VS2 Clarity) Platinum 18"" Silver Chain 4 Carat",2328.82
LG PC PN DE 5 14P GH VS1VS2 18 S,B0H2J4X2J9,"Houston Diamond District 0.5 to 10 Carat IGI Certified LAB-GROWN Cross Diamond Pendant Necklace 4 Prong Value Collection (G-H Color VS1-VS2 Clarity) 14K Rose Gold 18"" Silver Chain 5 Carat",2166.4
LG PC PN DE 5 14K GH VS1VS2 18 S,B0H2J7YDBB,"Houston Diamond District 0.5 to 10 Carat IGI Certified LAB-GROWN Cross Diamond Pendant Necklace 4 Prong Value Collection (G-H Color VS1-VS2 Clarity) 14K White Gold 18"" Silver Chain 5 Carat",2256.08
LG PC PN DE 5 14D GH VS1VS2 18 S,B0H2J8QHGS,"Houston Diamond District 0.5 to 10 Carat IGI Certified LAB-GROWN Cross Diamond Pendant Necklace 4 Prong Value Collection (G-H Color VS1-VS2 Clarity) 14K Yellow Gold 18"" Silver Chain 5 Carat",2144.62
LG PC PN DE 5 PLT GH VS1VS2 18 S,B0H2HXX19Q,"Houston Diamond District 0.5 to 10 Carat IGI Certified LAB-GROWN Cross Diamond Pendant Necklace 4 Prong Value Collection (G-H Color VS1-VS2 Clarity) Platinum 18"" Silver Chain 5 Carat",2599.78
LG PC PN DE 5 14P GH VS1VS2 18 S 6Ct,B0H2JBHYM5,"Houston Diamond District 0.5 to 10 Carat IGI Certified LAB-GROWN Cross Diamond Pendant Necklace 4 Prong Value Collection (G-H Color VS1-VS2 Clarity) 14K Rose Gold 18"" Silver Chain 6 Carat",3004.92
LG PC PN DE 5 14K GH VS1VS2 18 S 6Ct,B0H2J71GYJ,"Houston Diamond District 0.5 to 10 Carat IGI Certified LAB-GROWN Cross Diamond Pendant Necklace 4 Prong Value Collection (G-H Color VS1-VS2 Clarity) 14K White Gold 18"" Silver Chain 6 Carat",3004.92
LG PC PN DE 5 14D GH VS1VS2 18 S 6Ct,B0H2JD4VVJ,"Houston Diamond District 0.5 to 10 Carat IGI Certified LAB-GROWN Cross Diamond Pendant Necklace 4 Prong Value Collection (G-H Color VS1-VS2 Clarity) 14K Yellow Gold 18"" Silver Chain 6 Carat",3004.92
LG PC PN DE 5 PLT GH VS1VS2 18 S 6Ct,B0H2J75FMN,"Houston Diamond District 0.5 to 10 Carat IGI Certified LAB-GROWN Cross Diamond Pendant Necklace 4 Prong Value Collection (G-H Color VS1-VS2 Clarity) Platinum 18"" Silver Chain 6 Carat",3514.92
LG PC PN DE 5 14P GH VS1VS2 18 S 7Ct,B0H2J7B18Q,"Houston Diamond District 0.5 to 10 Carat IGI Certified LAB-GROWN Cross Diamond Pendant Necklace 4 Prong Value Collection (G-H Color VS1-VS2 Clarity) 14K Rose Gold 18"" Silver Chain 7 Carat",4105.42
LG PC PN DE 5 14K GH VS1VS2 18 S 7Ct,B0H2J59S9F,"Houston Diamond District 0.5 to 10 Carat IGI Certified LAB-GROWN Cross Diamond Pendant Necklace 4 Prong Value Collection (G-H Color VS1-VS2 Clarity) 14K White Gold 18"" Silver Chain 7 Carat",4105.42
LG PC PN DE 5 14D GH VS1VS2 18 S 7Ct,B0H2J41CYD,"Houston Diamond District 0.5 to 10 Carat IGI Certified LAB-GROWN Cross Diamond Pendant Necklace 4 Prong Value Collection (G-H Color VS1-VS2 Clarity) 14K Yellow Gold 18"" Silver Chain 7 Carat",4105.42
LG PC PN DE 5 PLT GH VS1VS2 18 S 7Ct,B0H2J81D9V,"Houston Diamond District 0.5 to 10 Carat IGI Certified LAB-GROWN Cross Diamond Pendant Necklace 4 Prong Value Collection (G-H Color VS1-VS2 Clarity) Platinum 18"" Silver Chain 7 Carat",4615.42
LG PC PN DE 5 14P GH VS1VS2 18 S 8Ct,B0H2J5S6LM,"Houston Diamond District 0.5 to 10 Carat IGI Certified LAB-GROWN Cross Diamond Pendant Necklace 4 Prong Value Collection (G-H Color VS1-VS2 Clarity) 14K Rose Gold 18"" Silver Chain 8 Carat",4756.46
LG PC PN DE 5 14K GH VS1VS2 18 S 8Ct,B0H2J36QCR,"Houston Diamond District 0.5 to 10 Carat IGI Certified LAB-GROWN Cross Diamond Pendant Necklace 4 Prong Value Collection (G-H Color VS1-VS2 Clarity) 14K White Gold 18"" Silver Chain 8 Carat",4756.46
LG PC PN DE 5 14D GH VS1VS2 18 S 8Ct,B0H2J5491S,"Houston Diamond District 0.5 to 10 Carat IGI Certified LAB-GROWN Cross Diamond Pendant Necklace 4 Prong Value Collection (G-H Color VS1-VS2 Clarity) 14K Yellow Gold 18"" Silver Chain 8 Carat",4756.46
LG PC PN DE 5 PLT GH VS1VS2 18 S 8Ct,B0H2JCKLBK,"Houston Diamond District 0.5 to 10 Carat IGI Certified LAB-GROWN Cross Diamond Pendant Necklace 4 Prong Value Collection (G-H Color VS1-VS2 Clarity) Platinum 18"" Silver Chain 8 Carat",5266.46
LG PC PN DE 5 14P GH VS1VS2 18 S 9Ct,B0H2J1P74Z,"Houston Diamond District 0.5 to 10 Carat IGI Certified LAB-GROWN Cross Diamond Pendant Necklace 4 Prong Value Collection (G-H Color VS1-VS2 Clarity) 14K Rose Gold 18"" Silver Chain 9 Carat",5537.5
LG PC PN DE 5 14K GH VS1VS2 18 S 9Ct,B0H2J7MLX3,"Houston Diamond District 0.5 to 10 Carat IGI Certified LAB-GROWN Cross Diamond Pendant Necklace 4 Prong Value Collection (G-H Color VS1-VS2 Clarity) 14K White Gold 18"" Silver Chain 9 Carat",5537.5
LG PC PN DE 5 14D GH VS1VS2 18 S 9Ct,B0H2JBML91,"Houston Diamond District 0.5 to 10 Carat IGI Certified LAB-GROWN Cross Diamond Pendant Necklace 4 Prong Value Collection (G-H Color VS1-VS2 Clarity) 14K Yellow Gold 18"" Silver Chain 9 Carat",5537.5
LG PC PN DE 5 PLT GH VS1VS2 18 S 9Ct,B0H2J1JM5F,"Houston Diamond District 0.5 to 10 Carat IGI Certified LAB-GROWN Cross Diamond Pendant Necklace 4 Prong Value Collection (G-H Color VS1-VS2 Clarity) Platinum 18"" Silver Chain 9 Carat",6047.5
LG PC PN DE 5 14P GH VS1VS2 18 S 10Ct,B0H2J6H89B,"Houston Diamond District 0.5 to 10 Carat IGI Certified LAB-GROWN Cross Diamond Pendant Necklace 4 Prong Value Collection (G-H Color VS1-VS2 Clarity) 14K Rose Gold 18"" Silver Chain 10 Carat",6640.2
LG PC PN DE 5 14K GH VS1VS2 18 S 10Ct,B0H2J9GTSF,"Houston Diamond District 0.5 to 10 Carat IGI Certified LAB-GROWN Cross Diamond Pendant Necklace 4 Prong Value Collection (G-H Color VS1-VS2 Clarity) 14K White Gold 18"" Silver Chain 10 Carat",6640.2
LG PC PN DE 5 14D GH VS1VS2 18 S 10Ct,B0H2JCZCQC,"Houston Diamond District 0.5 to 10 Carat IGI Certified LAB-GROWN Cross Diamond Pendant Necklace 4 Prong Value Collection (G-H Color VS1-VS2 Clarity) 14K Yellow Gold 18"" Silver Chain 10 Carat",6640.2
LG PC PN DE 5 PLT GH VS1VS2 18 S 10Ct,B0H2J8JR8C,"Houston Diamond District 0.5 to 10 Carat IGI Certified LAB-GROWN Cross Diamond Pendant Necklace 4 Prong Value Collection (G-H Color VS1-VS2 Clarity) Platinum 18"" Silver Chain 10 Carat",7150.2
LG PC PN DE 0.5 14P GH VS1VS2 20 G,B0H2J7B71G,"Houston Diamond District 0.5 to 10 Carat IGI Certified LAB-GROWN Cross Diamond Pendant Necklace 4 Prong Value Collection (G-H Color VS1-VS2 Clarity) 14K Rose Gold 20"" Gold Chain 0.5 Carat",555.65
LG PC PN 0.5 14K GH VS1VS2 20 G,B0CJJY38V9,"Houston Diamond District 0.5 to 10 Carat IGI Certified LAB-GROWN Cross Diamond Pendant Necklace 4 Prong Value Collection (G-H Color VS1-VS2 Clarity) 14K White Gold 20"" Gold Chain 0.5 Carat",532.74
LG PC PN 0.5 14D GH VS1VS2 20 G,B0CJJWYFCJ,"Houston Diamond District 0.5 to 10 Carat IGI Certified LAB-GROWN Cross Diamond Pendant Necklace 4 Prong Value Collection (G-H Color VS1-VS2 Clarity) 14K Yellow Gold 20"" Gold Chain 0.5 Carat",532.74
LG PC PN DE 0.5 PLT GH VS1VS2 20 G,B0H2J37D4S,"Houston Diamond District 0.5 to 10 Carat IGI Certified LAB-GROWN Cross Diamond Pendant Necklace 4 Prong Value Collection (G-H Color VS1-VS2 Clarity) Platinum 20"" Gold Chain 0.5 Carat",876.44
LG PC PN DE 0.75 14P GH VS1VS2 20 G,B0H2JKBPRB,"Houston Diamond District 0.5 to 10 Carat IGI Certified LAB-GROWN Cross Diamond Pendant Necklace 4 Prong Value Collection (G-H Color VS1-VS2 Clarity) 14K Rose Gold 20"" Gold Chain 0.75 Carat",743.43
LG PC PN DE 0.75 14K GH VS1VS2 20 G,B0H2J99TFC,"Houston Diamond District 0.5 to 10 Carat IGI Certified LAB-GROWN Cross Diamond Pendant Necklace 4 Prong Value Collection (G-H Color VS1-VS2 Clarity) 14K White Gold 20"" Gold Chain 0.75 Carat",720.51
LG PC PN DE 0.75 14D GH VS1VS2 20 G,B0H2J7W9JX,"Houston Diamond District 0.5 to 10 Carat IGI Certified LAB-GROWN Cross Diamond Pendant Necklace 4 Prong Value Collection (G-H Color VS1-VS2 Clarity) 14K Yellow Gold 20"" Gold Chain 0.75 Carat",720.51
LG PC PN DE 0.75 PLT GH VS1VS2 20 G,B0H2J78ZCM,"Houston Diamond District 0.5 to 10 Carat IGI Certified LAB-GROWN Cross Diamond Pendant Necklace 4 Prong Value Collection (G-H Color VS1-VS2 Clarity) Platinum 20"" Gold Chain 0.75 Carat",1064.21
LG PC PN DE 1 14P GH VS1VS2 20 G,B0H2J8SH6J,"Houston Diamond District 0.5 to 10 Carat IGI Certified LAB-GROWN Cross Diamond Pendant Necklace 4 Prong Value Collection (G-H Color VS1-VS2 Clarity) 14K Rose Gold 20"" Gold Chain 1 Carat",800.82
LG PC PN 1 14K GH VS1VS2 20 G,B0CJJX2JFH,"Houston Diamond District 0.5 to 10 Carat IGI Certified LAB-GROWN Cross Diamond Pendant Necklace 4 Prong Value Collection (G-H Color VS1-VS2 Clarity) 14K White Gold 20"" Gold Chain 1 Carat",800.82
LG PC PN 1 14D GH VS1VS2 20 G,B0CJK1MNG6,"Houston Diamond District 0.5 to 10 Carat IGI Certified LAB-GROWN Cross Diamond Pendant Necklace 4 Prong Value Collection (G-H Color VS1-VS2 Clarity) 14K Yellow Gold 20"" Gold Chain 1 Carat",800.82
LG PC PN DE 1 PLT GH VS1VS2 20 G,B0H2J4M9JJ,"Houston Diamond District 0.5 to 10 Carat IGI Certified LAB-GROWN Cross Diamond Pendant Necklace 4 Prong Value Collection (G-H Color VS1-VS2 Clarity) Platinum 20"" Gold Chain 1 Carat",1144.52
LG PC PN DE 1 SS GH VS1VS2 20 G,B0H2JDNM59,"Houston Diamond District 0.5 to 10 Carat IGI Certified LAB-GROWN Cross Diamond Pendant Necklace 4 Prong Value Collection (G-H Color VS1-VS2 Clarity) Sterling Silver 20"" Gold Chain 1 Carat",389.0
LG PC PN DE 1.5 14P GH VS1VS2 20 G,B0H2J7NFT1,"Houston Diamond District 0.5 to 10 Carat IGI Certified LAB-GROWN Cross Diamond Pendant Necklace 4 Prong Value Collection (G-H Color VS1-VS2 Clarity) 14K Rose Gold 20"" Gold Chain 1.5 Carat",938.3
LG PC PN DE 1.5 14K GH VS1VS2 20 G,B0H2J56KXQ,"Houston Diamond District 0.5 to 10 Carat IGI Certified LAB-GROWN Cross Diamond Pendant Necklace 4 Prong Value Collection (G-H Color VS1-VS2 Clarity) 14K White Gold 20"" Gold Chain 1.5 Carat",938.3
LG PC PN DE 1.5 14D GH VS1VS2 20 G,B0H2J5S6LZ,"Houston Diamond District 0.5 to 10 Carat IGI Certified LAB-GROWN Cross Diamond Pendant Necklace 4 Prong Value Collection (G-H Color VS1-VS2 Clarity) 14K Yellow Gold 20"" Gold Chain 1.5 Carat",938.3
LG PC PN DE 1.5 PLT GH VS1VS2 20 G,B0H2JBZPS8,"Houston Diamond District 0.5 to 10 Carat IGI Certified LAB-GROWN Cross Diamond Pendant Necklace 4 Prong Value Collection (G-H Color VS1-VS2 Clarity) Platinum 20"" Gold Chain 1.5 Carat",1282.0
LG PC PN DE 2 14P GH VS1VS2 20 G,B0H2J7551R,"Houston Diamond District 0.5 to 10 Carat IGI Certified LAB-GROWN Cross Diamond Pendant Necklace 4 Prong Value Collection (G-H Color VS1-VS2 Clarity) 14K Rose Gold 20"" Gold Chain 2 Carat",1167.43
LG PC PN DE 2 14K GH VS1VS2 20 G,B0H2JDJ6BC,"Houston Diamond District 0.5 to 10 Carat IGI Certified LAB-GROWN Cross Diamond Pendant Necklace 4 Prong Value Collection (G-H Color VS1-VS2 Clarity) 14K White Gold 20"" Gold Chain 2 Carat",1167.43
LG PC PN DE 2 14D GH VS1VS2 20 G,B0H2JBYT2G,"Houston Diamond District 0.5 to 10 Carat IGI Certified LAB-GROWN Cross Diamond Pendant Necklace 4 Prong Value Collection (G-H Color VS1-VS2 Clarity) 14K Yellow Gold 20"" Gold Chain 2 Carat",1167.43
LG PC PN DE 2 PLT GH VS1VS2 20 G,B0H2J7MHNK,"Houston Diamond District 0.5 to 10 Carat IGI Certified LAB-GROWN Cross Diamond Pendant Necklace 4 Prong Value Collection (G-H Color VS1-VS2 Clarity) Platinum 20"" Gold Chain 2 Carat",1511.13
LG PC PN DE 3 14P GH VS1VS2 20 G,B0H2JGNBBL,"Houston Diamond District 0.5 to 10 Carat IGI Certified LAB-GROWN Cross Diamond Pendant Necklace 4 Prong Value Collection (G-H Color VS1-VS2 Clarity) 14K Rose Gold 20"" Gold Chain 3 Carat",1619.09
LG PC PN DE 3 14K GH VS1VS2 20 G,B0H2J5D6YF,"Houston Diamond District 0.5 to 10 Carat IGI Certified LAB-GROWN Cross Diamond Pendant Necklace 4 Prong Value Collection (G-H Color VS1-VS2 Clarity) 14K White Gold 20"" Gold Chain 3 Carat",1619.09
LG PC PN DE 3 14D GH VS1VS2 20 G,B0H2J9LQ7J,"Houston Diamond District 0.5 to 10 Carat IGI Certified LAB-GROWN Cross Diamond Pendant Necklace 4 Prong Value Collection (G-H Color VS1-VS2 Clarity) 14K Yellow Gold 20"" Gold Chain 3 Carat",1619.09
LG PC PN DE 3 PLT GH VS1VS2 20 G-BB1,B0H2J7NW4K,"Houston Diamond District 0.5 to 10 Carat IGI Certified LAB-GROWN Cross Diamond Pendant Necklace 4 Prong Value Collection (G-H Color VS1-VS2 Clarity) Platinum 20"" Gold Chain 3 Carat",1962.79
LG PC PN DE 4 14P GH VS1VS2 20 G,B0H2J9MM1Z,"Houston Diamond District 0.5 to 10 Carat IGI Certified LAB-GROWN Cross Diamond Pendant Necklace 4 Prong Value Collection (G-H Color VS1-VS2 Clarity) 14K Rose Gold 20"" Gold Chain 4 Carat",2088.24
LG PC PN DE 4 14K GH VS1VS2 20 G-BB1,B0H2J56VYM,"Houston Diamond District 0.5 to 10 Carat IGI Certified LAB-GROWN Cross Diamond Pendant Necklace 4 Prong Value Collection (G-H Color VS1-VS2 Clarity) 14K White Gold 20"" Gold Chain 4 Carat",2065.33
LG PC PN DE 4 14D GH VS1VS2 20 G,B0H2J61MX9,"Houston Diamond District 0.5 to 10 Carat IGI Certified LAB-GROWN Cross Diamond Pendant Necklace 4 Prong Value Collection (G-H Color VS1-VS2 Clarity) 14K Yellow Gold 20"" Gold Chain 4 Carat",2065.33
LG PC PN DE 4 PLT GH VS1VS2 20 G,B0H2J6LL9J,"Houston Diamond District 0.5 to 10 Carat IGI Certified LAB-GROWN Cross Diamond Pendant Necklace 4 Prong Value Collection (G-H Color VS1-VS2 Clarity) Platinum 20"" Gold Chain 4 Carat",2409.03
LG PC PN 5 14P GH VS1VS2 20 G,B0CJJXQ13L,"Houston Diamond District 0.5 to 10 Carat IGI Certified LAB-GROWN Cross Diamond Pendant Necklace 4 Prong Value Collection (G-H Color VS1-VS2 Clarity) 14K Rose Gold 20"" Gold Chain 5 Carat",2359.19
LG PC PN DE 5 14K GH VS1VS2 20 G,B0H2JGMH54,"Houston Diamond District 0.5 to 10 Carat IGI Certified LAB-GROWN Cross Diamond Pendant Necklace 4 Prong Value Collection (G-H Color VS1-VS2 Clarity) 14K White Gold 20"" Gold Chain 5 Carat",2336.27
LG PC PN DE 5 14D GH VS1VS2 20 G,B0H2J5B29W,"Houston Diamond District 0.5 to 10 Carat IGI Certified LAB-GROWN Cross Diamond Pendant Necklace 4 Prong Value Collection (G-H Color VS1-VS2 Clarity) 14K Yellow Gold 20"" Gold Chain 5 Carat",2336.27
LG PC PN DE 5 PLT GH VS1VS2 20 G,B0H2HZYTD3,"Houston Diamond District 0.5 to 10 Carat IGI Certified LAB-GROWN Cross Diamond Pendant Necklace 4 Prong Value Collection (G-H Color VS1-VS2 Clarity) Platinum 20"" Gold Chain 5 Carat",2679.97
LG PC PN DE 5 14P GH VS1VS2 20 G 6Ct,B0H2J59PDG,"Houston Diamond District 0.5 to 10 Carat IGI Certified LAB-GROWN Cross Diamond Pendant Necklace 4 Prong Value Collection (G-H Color VS1-VS2 Clarity) 14K Rose Gold 20"" Gold Chain 6 Carat",3096.72
LG PC PN DE 5 14K GH VS1VS2 20 G 6Ct,B0H2J8JXNG,"Houston Diamond District 0.5 to 10 Carat IGI Certified LAB-GROWN Cross Diamond Pendant Necklace 4 Prong Value Collection (G-H Color VS1-VS2 Clarity) 14K White Gold 20"" Gold Chain 6 Carat",3096.72
LG PC PN DE 5 14D GH VS1VS2 20 G 6Ct,B0H2J7SLVB,"Houston Diamond District 0.5 to 10 Carat IGI Certified LAB-GROWN Cross Diamond Pendant Necklace 4 Prong Value Collection (G-H Color VS1-VS2 Clarity) 14K Yellow Gold 20"" Gold Chain 6 Carat",3096.72
LG PC PN DE 5 PLT GH VS1VS2 20 G 6Ct,B0H2JBSB9Q,"Houston Diamond District 0.5 to 10 Carat IGI Certified LAB-GROWN Cross Diamond Pendant Necklace 4 Prong Value Collection (G-H Color VS1-VS2 Clarity) Platinum 20"" Gold Chain 6 Carat",3606.72
LG PC PN DE 5 14P GH VS1VS2 20 G 7Ct,B0H2J87BZN,"Houston Diamond District 0.5 to 10 Carat IGI Certified LAB-GROWN Cross Diamond Pendant Necklace 4 Prong Value Collection (G-H Color VS1-VS2 Clarity) 14K Rose Gold 20"" Gold Chain 7 Carat",4197.22
LG PC PN DE 5 14K GH VS1VS2 20 G 7Ct,B0H2J3N8N6,"Houston Diamond District 0.5 to 10 Carat IGI Certified LAB-GROWN Cross Diamond Pendant Necklace 4 Prong Value Collection (G-H Color VS1-VS2 Clarity) 14K White Gold 20"" Gold Chain 7 Carat",4197.22
LG PC PN DE 5 14D GH VS1VS2 20 G 7Ct,B0H2J4RFM5,"Houston Diamond District 0.5 to 10 Carat IGI Certified LAB-GROWN Cross Diamond Pendant Necklace 4 Prong Value Collection (G-H Color VS1-VS2 Clarity) 14K Yellow Gold 20"" Gold Chain 7 Carat",4227.82
LG PC PN DE 5 PLT GH VS1VS2 20 G 7Ct,B0H2J212S4,"Houston Diamond District 0.5 to 10 Carat IGI Certified LAB-GROWN Cross Diamond Pendant Necklace 4 Prong Value Collection (G-H Color VS1-VS2 Clarity) Platinum 20"" Gold Chain 7 Carat",4707.22
LG PC PN DE 5 14P GH VS1VS2 20 G 8Ct,B0H2J6967M,"Houston Diamond District 0.5 to 10 Carat IGI Certified LAB-GROWN Cross Diamond Pendant Necklace 4 Prong Value Collection (G-H Color VS1-VS2 Clarity) 14K Rose Gold 20"" Gold Chain 8 Carat",4848.26
LG PC PN DE 5 14K GH VS1VS2 20 G 8Ct,B0H2J6SYV5,"Houston Diamond District 0.5 to 10 Carat IGI Certified LAB-GROWN Cross Diamond Pendant Necklace 4 Prong Value Collection (G-H Color VS1-VS2 Clarity) 14K White Gold 20"" Gold Chain 8 Carat",4848.26
LG PC PN DE 5 14D GH VS1VS2 20 G 8Ct,B0H2J1SN99,"Houston Diamond District 0.5 to 10 Carat IGI Certified LAB-GROWN Cross Diamond Pendant Necklace 4 Prong Value Collection (G-H Color VS1-VS2 Clarity) 14K Yellow Gold 20"" Gold Chain 8 Carat",4848.26
LG PC PN DE 5 PLT GH VS1VS2 20 G 8Ct,B0H2J6967K,"Houston Diamond District 0.5 to 10 Carat IGI Certified LAB-GROWN Cross Diamond Pendant Necklace 4 Prong Value Collection (G-H Color VS1-VS2 Clarity) Platinum 20"" Gold Chain 8 Carat",5358.26
LG PC PN DE 5 14P GH VS1VS2 20 G 9Ct,B0H2JB5DW5,"Houston Diamond District 0.5 to 10 Carat IGI Certified LAB-GROWN Cross Diamond Pendant Necklace 4 Prong Value Collection (G-H Color VS1-VS2 Clarity) 14K Rose Gold 20"" Gold Chain 9 Carat",5629.3
LG PC PN DE 5 14K GH VS1VS2 20 G 9Ct,B0H2J6ZJ6X,"Houston Diamond District 0.5 to 10 Carat IGI Certified LAB-GROWN Cross Diamond Pendant Necklace 4 Prong Value Collection (G-H Color VS1-VS2 Clarity) 14K White Gold 20"" Gold Chain 9 Carat",5629.3
LG PC PN DE 5 14D GH VS1VS2 20 G 9Ct,B0H2JDKPK1,"Houston Diamond District 0.5 to 10 Carat IGI Certified LAB-GROWN Cross Diamond Pendant Necklace 4 Prong Value Collection (G-H Color VS1-VS2 Clarity) 14K Yellow Gold 20"" Gold Chain 9 Carat",5629.3
LG PC PN DE 5 PLT GH VS1VS2 20 G 9Ct,B0H2J9DT1B,"Houston Diamond District 0.5 to 10 Carat IGI Certified LAB-GROWN Cross Diamond Pendant Necklace 4 Prong Value Collection (G-H Color VS1-VS2 Clarity) Platinum 20"" Gold Chain 9 Carat",6139.3
LG PC PN DE 5 14P GH VS1VS2 20 G 10Ct,B0H2J1P74Y,"Houston Diamond District 0.5 to 10 Carat IGI Certified LAB-GROWN Cross Diamond Pendant Necklace 4 Prong Value Collection (G-H Color VS1-VS2 Clarity) 14K Rose Gold 20"" Gold Chain 10 Carat",6732.0
LG PC PN DE 5 14K GH VS1VS2 20 G 10Ct,B0H2JDNM5G,"Houston Diamond District 0.5 to 10 Carat IGI Certified LAB-GROWN Cross Diamond Pendant Necklace 4 Prong Value Collection (G-H Color VS1-VS2 Clarity) 14K White Gold 20"" Gold Chain 10 Carat",6732.0
LG PC PN DE 5 14D GH VS1VS2 20 G 10Ct,B0H2J5491J,"Houston Diamond District 0.5 to 10 Carat IGI Certified LAB-GROWN Cross Diamond Pendant Necklace 4 Prong Value Collection (G-H Color VS1-VS2 Clarity) 14K Yellow Gold 20"" Gold Chain 10 Carat",6732.0
LG PC PN DE 5 PLT GH VS1VS2 20 G 10Ct,B0H2J5K36Y,"Houston Diamond District 0.5 to 10 Carat IGI Certified LAB-GROWN Cross Diamond Pendant Necklace 4 Prong Value Collection (G-H Color VS1-VS2 Clarity) Platinum 20"" Gold Chain 10 Carat",7242.0
LG PC PN DE 0.5 14P GH VS1VS2 20 S,B0H2J3H2YS,"Houston Diamond District 0.5 to 10 Carat IGI Certified LAB-GROWN Cross Diamond Pendant Necklace 4 Prong Value Collection (G-H Color VS1-VS2 Clarity) 14K Rose Gold 20"" Silver Chain 0.5 Carat",498.36
LG PC PN DE 0.5 14K GH VS1VS2 20 S,B0H2J3QMDJ,"Houston Diamond District 0.5 to 10 Carat IGI Certified LAB-GROWN Cross Diamond Pendant Necklace 4 Prong Value Collection (G-H Color VS1-VS2 Clarity) 14K White Gold 20"" Silver Chain 0.5 Carat",475.45
LG PC PN 0.5 14D GH VS1VS2 20 S,B0CJJXXLRH,"Houston Diamond District 0.5 to 10 Carat IGI Certified LAB-GROWN Cross Diamond Pendant Necklace 4 Prong Value Collection (G-H Color VS1-VS2 Clarity) 14K Yellow Gold 20"" Silver Chain 0.5 Carat",475.45
LG PC PN DE 0.5 PLT GH VS1VS2 20 S,B0H2J87TVR,"Houston Diamond District 0.5 to 10 Carat IGI Certified LAB-GROWN Cross Diamond Pendant Necklace 4 Prong Value Collection (G-H Color VS1-VS2 Clarity) Platinum 20"" Silver Chain 0.5 Carat",819.15
LG PC PN DE 0.75 14P GH VS1VS2 20 S,B0H2J8P1LG,"Houston Diamond District 0.5 to 10 Carat IGI Certified LAB-GROWN Cross Diamond Pendant Necklace 4 Prong Value Collection (G-H Color VS1-VS2 Clarity) 14K Rose Gold 20"" Silver Chain 0.75 Carat",686.14
LG PC PN DE 0.75 14K GH VS1VS2 20 S,B0H2JBZPSF,"Houston Diamond District 0.5 to 10 Carat IGI Certified LAB-GROWN Cross Diamond Pendant Necklace 4 Prong Value Collection (G-H Color VS1-VS2 Clarity) 14K White Gold 20"" Silver Chain 0.75 Carat",663.22
LG PC PN DE 0.75 14D GH VS1VS2 20 S,B0H2J1S9DK,"Houston Diamond District 0.5 to 10 Carat IGI Certified LAB-GROWN Cross Diamond Pendant Necklace 4 Prong Value Collection (G-H Color VS1-VS2 Clarity) 14K Yellow Gold 20"" Silver Chain 0.75 Carat",663.22
LG PC PN DE 0.75 PLT GH VS1VS2 20 S,B0H2JDGR2P,"Houston Diamond District 0.5 to 10 Carat IGI Certified LAB-GROWN Cross Diamond Pendant Necklace 4 Prong Value Collection (G-H Color VS1-VS2 Clarity) Platinum 20"" Silver Chain 0.75 Carat",1006.92
LG PC PN DE 1 14P GH VS1VS2 20 S,B0H2JJLX9G,"Houston Diamond District 0.5 to 10 Carat IGI Certified LAB-GROWN Cross Diamond Pendant Necklace 4 Prong Value Collection (G-H Color VS1-VS2 Clarity) 14K Rose Gold 20"" Silver Chain 1 Carat",697.71
LG PC PN DE 1 14K GH VS1VS2 20 S,B0H2J2KYYQ,"Houston Diamond District 0.5 to 10 Carat IGI Certified LAB-GROWN Cross Diamond Pendant Necklace 4 Prong Value Collection (G-H Color VS1-VS2 Clarity) 14K White Gold 20"" Silver Chain 1 Carat",697.71
LG PC PN DE 1 14D GH VS1VS2 20 S,B0H2JDV5Y9,"Houston Diamond District 0.5 to 10 Carat IGI Certified LAB-GROWN Cross Diamond Pendant Necklace 4 Prong Value Collection (G-H Color VS1-VS2 Clarity) 14K Yellow Gold 20"" Silver Chain 1 Carat",697.71
LG PC PN DE 1 PLT GH VS1VS2 20 S,B0H2J71GYN,"Houston Diamond District 0.5 to 10 Carat IGI Certified LAB-GROWN Cross Diamond Pendant Necklace 4 Prong Value Collection (G-H Color VS1-VS2 Clarity) Platinum 20"" Silver Chain 1 Carat",1041.41
LG PC PN DE 1 SS GH VS1VS2 20 S,B0H2J2QQV3,"Houston Diamond District 0.5 to 10 Carat IGI Certified LAB-GROWN Cross Diamond Pendant Necklace 4 Prong Value Collection (G-H Color VS1-VS2 Clarity) Sterling Silver 20"" Silver Chain 1 Carat",329.0
LG PC PN DE 1.5 14P GH VS1VS2 20 S,B0H2J6SYTQ,"Houston Diamond District 0.5 to 10 Carat IGI Certified LAB-GROWN Cross Diamond Pendant Necklace 4 Prong Value Collection (G-H Color VS1-VS2 Clarity) 14K Rose Gold 20"" Silver Chain 1.5 Carat",869.56
LG PC PN DE 1.5 14K GH VS1VS2 20 S,B0H2J9DHX1,"Houston Diamond District 0.5 to 10 Carat IGI Certified LAB-GROWN Cross Diamond Pendant Necklace 4 Prong Value Collection (G-H Color VS1-VS2 Clarity) 14K White Gold 20"" Silver Chain 1.5 Carat",869.56
LG PC PN DE 1.5 14D GH VS1VS2 20 S,B0H2JC1PPS,"Houston Diamond District 0.5 to 10 Carat IGI Certified LAB-GROWN Cross Diamond Pendant Necklace 4 Prong Value Collection (G-H Color VS1-VS2 Clarity) 14K Yellow Gold 20"" Silver Chain 1.5 Carat",869.56
LG PC PN DE 1.5 PLT GH VS1VS2 20 S,B0H2J4VNJF,"Houston Diamond District 0.5 to 10 Carat IGI Certified LAB-GROWN Cross Diamond Pendant Necklace 4 Prong Value Collection (G-H Color VS1-VS2 Clarity) Platinum 20"" Silver Chain 1.5 Carat",1213.26
LG PC PN DE 2 14P GH VS1VS2 20 S,B0H2J8P1LJ,"Houston Diamond District 0.5 to 10 Carat IGI Certified LAB-GROWN Cross Diamond Pendant Necklace 4 Prong Value Collection (G-H Color VS1-VS2 Clarity) 14K Rose Gold 20"" Silver Chain 2 Carat",1098.69
LG PC PN 2 14K GH VS1VS2 20 S,B0CJJY4ZYN,"Houston Diamond District 0.5 to 10 Carat IGI Certified LAB-GROWN Cross Diamond Pendant Necklace 4 Prong Value Collection (G-H Color VS1-VS2 Clarity) 14K White Gold 20"" Silver Chain 2 Carat",1098.69
LG PC PN DE 2 14D GH VS1VS2 20 S,B0H2JF3CTS,"Houston Diamond District 0.5 to 10 Carat IGI Certified LAB-GROWN Cross Diamond Pendant Necklace 4 Prong Value Collection (G-H Color VS1-VS2 Clarity) 14K Yellow Gold 20"" Silver Chain 2 Carat",1098.69
LG PC PN DE 2 PLT GH VS1VS2 20 S,B0H2JFSHSS,"Houston Diamond District 0.5 to 10 Carat IGI Certified LAB-GROWN Cross Diamond Pendant Necklace 4 Prong Value Collection (G-H Color VS1-VS2 Clarity) Platinum 20"" Silver Chain 2 Carat",1442.39
LG PC PN DE 3 14P GH VS1VS2 20 S-BB1,B0H2JF6BDM,"Houston Diamond District 0.5 to 10 Carat IGI Certified LAB-GROWN Cross Diamond Pendant Necklace 4 Prong Value Collection (G-H Color VS1-VS2 Clarity) 14K Rose Gold 20"" Silver Chain 3 Carat",1550.35
LG PC PN DE 3 14K GH VS1VS2 20 S,B0H2J89ZYF,"Houston Diamond District 0.5 to 10 Carat IGI Certified LAB-GROWN Cross Diamond Pendant Necklace 4 Prong Value Collection (G-H Color VS1-VS2 Clarity) 14K White Gold 20"" Silver Chain 3 Carat",1550.35
LG PC PN DE 3 14D GH VS1VS2 20 S-BB1,B0H2J1KNZD,"Houston Diamond District 0.5 to 10 Carat IGI Certified LAB-GROWN Cross Diamond Pendant Necklace 4 Prong Value Collection (G-H Color VS1-VS2 Clarity) 14K Yellow Gold 20"" Silver Chain 3 Carat",1550.35
LG PC PN DE 3 PLT GH VS1VS2 20 S,B0H2J8F3YX,"Houston Diamond District 0.5 to 10 Carat IGI Certified LAB-GROWN Cross Diamond Pendant Necklace 4 Prong Value Collection (G-H Color VS1-VS2 Clarity) Platinum 20"" Silver Chain 3 Carat",1894.05
LG PC PN DE 4 14P GH VS1VS2 20 S,B0H2J6X615,"Houston Diamond District 0.5 to 10 Carat IGI Certified LAB-GROWN Cross Diamond Pendant Necklace 4 Prong Value Collection (G-H Color VS1-VS2 Clarity) 14K Rose Gold 20"" Silver Chain 4 Carat",2030.95
LG PC PN DE 4 14K GH VS1VS2 20 S,B0H2J3PQHC,"Houston Diamond District 0.5 to 10 Carat IGI Certified LAB-GROWN Cross Diamond Pendant Necklace 4 Prong Value Collection (G-H Color VS1-VS2 Clarity) 14K White Gold 20"" Silver Chain 4 Carat",2008.04
LG PC PN DE 4 14D GH VS1VS2 20 S-BB1,B0H2J7551Q,"Houston Diamond District 0.5 to 10 Carat IGI Certified LAB-GROWN Cross Diamond Pendant Necklace 4 Prong Value Collection (G-H Color VS1-VS2 Clarity) 14K Yellow Gold 20"" Silver Chain 4 Carat",2008.04
LG PC PN DE 4 PLT GH VS1VS2 20 S,B0H2J7P3HF,"Houston Diamond District 0.5 to 10 Carat IGI Certified LAB-GROWN Cross Diamond Pendant Necklace 4 Prong Value Collection (G-H Color VS1-VS2 Clarity) Platinum 20"" Silver Chain 4 Carat",2351.74
LG PC PN DE 5 14P GH VS1VS2 20 S,B0H2J768G9,"Houston Diamond District 0.5 to 10 Carat IGI Certified LAB-GROWN Cross Diamond Pendant Necklace 4 Prong Value Collection (G-H Color VS1-VS2 Clarity) 14K Rose Gold 20"" Silver Chain 5 Carat",2301.91
LG PC PN DE 5 14K GH VS1VS2 20 S,B0H2J3SQRK,"Houston Diamond District 0.5 to 10 Carat IGI Certified LAB-GROWN Cross Diamond Pendant Necklace 4 Prong Value Collection (G-H Color VS1-VS2 Clarity) 14K White Gold 20"" Silver Chain 5 Carat",2278.99
LG PC PN DE 5 14D GH VS1VS2 20 S,B0H2J3T9ZK,"Houston Diamond District 0.5 to 10 Carat IGI Certified LAB-GROWN Cross Diamond Pendant Necklace 4 Prong Value Collection (G-H Color VS1-VS2 Clarity) 14K Yellow Gold 20"" Silver Chain 5 Carat",2278.99
LG PC PN DE 5 PLT GH VS1VS2 20 S,B0H2J4BF7D,"Houston Diamond District 0.5 to 10 Carat IGI Certified LAB-GROWN Cross Diamond Pendant Necklace 4 Prong Value Collection (G-H Color VS1-VS2 Clarity) Platinum 20"" Silver Chain 5 Carat",2622.69
LG PC PN DE 5 14P GH VS1VS2 20 S 6Ct,B0H2JGCDXJ,"Houston Diamond District 0.5 to 10 Carat IGI Certified LAB-GROWN Cross Diamond Pendant Necklace 4 Prong Value Collection (G-H Color VS1-VS2 Clarity) 14K Rose Gold 20"" Silver Chain 6 Carat",3035.52
LG PC PN DE 5 14K GH VS1VS2 20 S 6Ct,B0H2J71B8C,"Houston Diamond District 0.5 to 10 Carat IGI Certified LAB-GROWN Cross Diamond Pendant Necklace 4 Prong Value Collection (G-H Color VS1-VS2 Clarity) 14K White Gold 20"" Silver Chain 6 Carat",3035.52
LG PC PN DE 5 14D GH VS1VS2 20 S 6Ct,B0H2J4PQNN,"Houston Diamond District 0.5 to 10 Carat IGI Certified LAB-GROWN Cross Diamond Pendant Necklace 4 Prong Value Collection (G-H Color VS1-VS2 Clarity) 14K Yellow Gold 20"" Silver Chain 6 Carat",3035.52
LG PC PN DE 5 PLT GH VS1VS2 20 S 6Ct,B0H2JHCYBY,"Houston Diamond District 0.5 to 10 Carat IGI Certified LAB-GROWN Cross Diamond Pendant Necklace 4 Prong Value Collection (G-H Color VS1-VS2 Clarity) Platinum 20"" Silver Chain 6 Carat",3545.52
LG PC PN DE 5 14P GH VS1VS2 20 S 7Ct,B0H2J81SHD,"Houston Diamond District 0.5 to 10 Carat IGI Certified LAB-GROWN Cross Diamond Pendant Necklace 4 Prong Value Collection (G-H Color VS1-VS2 Clarity) 14K Rose Gold 20"" Silver Chain 7 Carat",4136.02
LG PC PN DE 5 14K GH VS1VS2 20 S 7Ct,B0H2J92G3Q,"Houston Diamond District 0.5 to 10 Carat IGI Certified LAB-GROWN Cross Diamond Pendant Necklace 4 Prong Value Collection (G-H Color VS1-VS2 Clarity) 14K White Gold 20"" Silver Chain 7 Carat",4136.02
LG PC PN DE 5 14D GH VS1VS2 20 S 7Ct,B0H2J863NZ,"Houston Diamond District 0.5 to 10 Carat IGI Certified LAB-GROWN Cross Diamond Pendant Necklace 4 Prong Value Collection (G-H Color VS1-VS2 Clarity) 14K Yellow Gold 20"" Silver Chain 7 Carat",4136.02
LG PC PN DE 5 PLT GH VS1VS2 20 S 7Ct,B0H2J7SV97,"Houston Diamond District 0.5 to 10 Carat IGI Certified LAB-GROWN Cross Diamond Pendant Necklace 4 Prong Value Collection (G-H Color VS1-VS2 Clarity) Platinum 20"" Silver Chain 7 Carat",4646.02
LG PC PN DE 5 14P GH VS1VS2 20 S 8Ct,B0H2J85Q4R,"Houston Diamond District 0.5 to 10 Carat IGI Certified LAB-GROWN Cross Diamond Pendant Necklace 4 Prong Value Collection (G-H Color VS1-VS2 Clarity) 14K Rose Gold 20"" Silver Chain 8 Carat",4787.06
LG PC PN DE 5 14K GH VS1VS2 20 S 8Ct,B0H2JD678M,"Houston Diamond District 0.5 to 10 Carat IGI Certified LAB-GROWN Cross Diamond Pendant Necklace 4 Prong Value Collection (G-H Color VS1-VS2 Clarity) 14K White Gold 20"" Silver Chain 8 Carat",4787.06
LG PC PN DE 5 14D GH VS1VS2 20 S 8Ct,B0H2J3PM9Z,"Houston Diamond District 0.5 to 10 Carat IGI Certified LAB-GROWN Cross Diamond Pendant Necklace 4 Prong Value Collection (G-H Color VS1-VS2 Clarity) 14K Yellow Gold 20"" Silver Chain 8 Carat",4787.06
LG PC PN DE 5 PLT GH VS1VS2 20 S 8Ct,B0H2J5N73N,"Houston Diamond District 0.5 to 10 Carat IGI Certified LAB-GROWN Cross Diamond Pendant Necklace 4 Prong Value Collection (G-H Color VS1-VS2 Clarity) Platinum 20"" Silver Chain 8 Carat",5297.06
LG PC PN DE 5 14P GH VS1VS2 20 S 9Ct,B0H2J71B81,"Houston Diamond District 0.5 to 10 Carat IGI Certified LAB-GROWN Cross Diamond Pendant Necklace 4 Prong Value Collection (G-H Color VS1-VS2 Clarity) 14K Rose Gold 20"" Silver Chain 9 Carat",5568.1
LG PC PN DE 5 14K GH VS1VS2 20 S 9Ct,B0H2J9XQSM,"Houston Diamond District 0.5 to 10 Carat IGI Certified LAB-GROWN Cross Diamond Pendant Necklace 4 Prong Value Collection (G-H Color VS1-VS2 Clarity) 14K White Gold 20"" Silver Chain 9 Carat",5568.1
LG PC PN DE 5 14D GH VS1VS2 20 S 9Ct,B0H2J83R7T,"Houston Diamond District 0.5 to 10 Carat IGI Certified LAB-GROWN Cross Diamond Pendant Necklace 4 Prong Value Collection (G-H Color VS1-VS2 Clarity) 14K Yellow Gold 20"" Silver Chain 9 Carat",5568.1
LG PC PN DE 5 PLT GH VS1VS2 20 S 9Ct,B0H2JDJ933,"Houston Diamond District 0.5 to 10 Carat IGI Certified LAB-GROWN Cross Diamond Pendant Necklace 4 Prong Value Collection (G-H Color VS1-VS2 Clarity) Platinum 20"" Silver Chain 9 Carat",6078.1
LG PC PN DE 5 14P GH VS1VS2 20 S 10Ct,B0H2JCN2XV,"Houston Diamond District 0.5 to 10 Carat IGI Certified LAB-GROWN Cross Diamond Pendant Necklace 4 Prong Value Collection (G-H Color VS1-VS2 Clarity) 14K Rose Gold 20"" Silver Chain 10 Carat",6670.8
LG PC PN DE 5 14K GH VS1VS2 20 S 10Ct,B0H2J3QTPV,"Houston Diamond District 0.5 to 10 Carat IGI Certified LAB-GROWN Cross Diamond Pendant Necklace 4 Prong Value Collection (G-H Color VS1-VS2 Clarity) 14K White Gold 20"" Silver Chain 10 Carat",6670.8
LG PC PN DE 5 14D GH VS1VS2 20 S 10Ct,B0H2JJMBZ7,"Houston Diamond District 0.5 to 10 Carat IGI Certified LAB-GROWN Cross Diamond Pendant Necklace 4 Prong Value Collection (G-H Color VS1-VS2 Clarity) 14K Yellow Gold 20"" Silver Chain 10 Carat",6670.8
LG PC PN DE 5 PLT GH VS1VS2 20 S 10Ct,B0H2J79TK5,"Houston Diamond District 0.5 to 10 Carat IGI Certified LAB-GROWN Cross Diamond Pendant Necklace 4 Prong Value Collection (G-H Color VS1-VS2 Clarity) Platinum 20"" Silver Chain 10 Carat",7180.8
