sku_x,asin,sku_y
LG PC PN 0.5 14P GH VS1VS2 16 G,B0CJJYMNYN,LG PC PN 0.5 14P GH VS1VS2 16 G
LG PC PN 0.5 14K GH VS1VS2 16 G,B0CJJWX1FK,LG PC PN 0.5 14K GH VS1VS2 16 G
LG PC PN 0.5 14D GH VS1VS2 16 G,B0CJJY5TYG,LG PC PN 0.5 14D GH VS1VS2 16 G
LG PC PN DE 0.5 PLT GH VS1VS2 16 G,B0H2HZ46L8,LG PC PN DE 0.5 PLT GH VS1VS2 16 G
LG PC PN DE 0.75 14P GH VS1VS2 16 G,B0H2J3B63L,LG PC PN DE 0.75 14P GH VS1VS2 16 G
LG PC PN DE 0.75 14K GH VS1VS2 16 G,B0H2JB9F6B,LG PC PN DE 0.75 14K GH VS1VS2 16 G
LG PC PN 0.75 14D GH VS1VS2 16 G,B0CJJZCYNQ,LG PC PN 0.75 14D GH VS1VS2 16 G
LG PC PN DE 0.75 PLT GH VS1VS2 16 G,B0H2J8JCQ6,LG PC PN DE 0.75 PLT GH VS1VS2 16 G
LG PC PN DE 1 14P GH VS1VS2 16 G,B0H2J85LNS,LG PC PN DE 1 14P GH VS1VS2 16 G
LG PC PN 1 14K GH VS1VS2 16 G,B0CJJY9MKT,LG PC PN 1 14K GH VS1VS2 16 G
LG PC PN 1 14D GH VS1VS2 16 G,B0CJJY3B59,LG PC PN 1 14D GH VS1VS2 16 G
LG PC PN DE 1 PLT GH VS1VS2 16 G,B0H2J5XDH4,LG PC PN DE 1 PLT GH VS1VS2 16 G
LG PC PN DE 1 SS GH VS1VS2 16 G,B0H2J8R7HD,LG PC PN DE 1 SS GH VS1VS2 16 G
LG PC PN 1.5 14P GH VS1VS2 16 G,B0CJJZCLG7,LG PC PN 1.5 14P GH VS1VS2 16 G
LG PC PN DE 1.5 14K GH VS1VS2 16 G,B0H2J8V263,LG PC PN DE 1.5 14K GH VS1VS2 16 G
LG PC PN 1.5 14D GH VS1VS2 16 G,B0CJJYG9L8,LG PC PN 1.5 14D GH VS1VS2 16 G
LG PC PN DE 1.5 PLT GH VS1VS2 16 G,B0H2J9TD24,LG PC PN DE 1.5 PLT GH VS1VS2 16 G
LG PC PN 2 14P GH VS1VS2 16 G,B0CJJX1KQR,LG PC PN 2 14P GH VS1VS2 16 G
LG PC PN DE 2 14K GH VS1VS2 16 G,B0H2J4WHL2,LG PC PN DE 2 14K GH VS1VS2 16 G
LG PC PN 2 14D GH VS1VS2 16 G,B0CJJYY7PC,LG PC PN 2 14D GH VS1VS2 16 G
LG PC PN DE 2 PLT GH VS1VS2 16 G,B0H2JDBTYM,LG PC PN DE 2 PLT GH VS1VS2 16 G
LG PC PN DE 3 14P GH VS1VS2 16 G,B0H2JK8KWX,LG PC PN DE 3 14P GH VS1VS2 16 G
LG PC PN DE 3 14K GH VS1VS2 16 G,B0H2J3Z49C,LG PC PN DE 3 14K GH VS1VS2 16 G
LG PC PN DE 3 14D GH VS1VS2 16 G,B0H2J3QX7C,LG PC PN DE 3 14D GH VS1VS2 16 G
LG PC PN DE 3 PLT GH VS1VS2 16 G,B0H2J5Z1B3,LG PC PN DE 3 PLT GH VS1VS2 16 G
LG PC PN DE 4 14P GH VS1VS2 16 G,B0H2J3PF6D,LG PC PN DE 4 14P GH VS1VS2 16 G
LG PC PN 4 14K GH VS1VS2 16 G,B0CJJVQSLT,LG PC PN 4 14K GH VS1VS2 16 G
LG PC PN DE 4 14D GH VS1VS2 16 G-BB1,B0H2J15N86,LG PC PN DE 4 14D GH VS1VS2 16 G-BB1
LG PC PN 4 PLT GH VS1VS2 16 G,B0CJJX1HWR,LG PC PN 4 PLT GH VS1VS2 16 G
LG PC PN DE 5 14P GH VS1VS2 16 G,B0H2J5QRYC,LG PC PN DE 5 14P GH VS1VS2 16 G
LG PC PN DE 5 14K GH VS1VS2 16 G,B0H2J8J939,LG PC PN DE 5 14K GH VS1VS2 16 G
LG PC PN DE 5 14D GH VS1VS2 16 G,B0H2JF3PHW,LG PC PN DE 5 14D GH VS1VS2 16 G
LG PC PN DE 5 PLT GH VS1VS2 16 G,B0H2JMYBZT,LG PC PN DE 5 PLT GH VS1VS2 16 G
LG PC PN DE 5 14P GH VS1VS2 16 G 6Ct,B0H2J6CZW8,LG PC PN DE 5 14P GH VS1VS2 16 G 6Ct
LG PC PN DE 5 14K GH VS1VS2 16 G 6Ct,B0H2JDBY44,LG PC PN DE 5 14K GH VS1VS2 16 G 6Ct
LG PC PN DE 5 14D GH VS1VS2 16 G 6Ct,B0H2J11BG1,LG PC PN DE 5 14D GH VS1VS2 16 G 6Ct
LG PC PN DE 5 PLT GH VS1VS2 16 G 6Ct,B0H2J8HKLK,LG PC PN DE 5 PLT GH VS1VS2 16 G 6Ct
LG PC PN DE 5 14P GH VS1VS2 16 G 7Ct,B0H2JB6SWW,LG PC PN DE 5 14P GH VS1VS2 16 G 7Ct
LG PC PN DE 5 14K GH VS1VS2 16 G 7Ct,B0H2J7SLVC,LG PC PN DE 5 14K GH VS1VS2 16 G 7Ct
LG PC PN DE 5 14D GH VS1VS2 16 G 7Ct,B0H2J9DHWS,LG PC PN DE 5 14D GH VS1VS2 16 G 7Ct
LG PC PN DE 5 PLT GH VS1VS2 16 G 7Ct,B0H2J6YGDJ,LG PC PN DE 5 PLT GH VS1VS2 16 G 7Ct
LG PC PN DE 5 14P GH VS1VS2 16 G 8Ct,B0H2J8318Q,LG PC PN DE 5 14P GH VS1VS2 16 G 8Ct
LG PC PN DE 5 14K GH VS1VS2 16 G 8Ct,B0H2J578JY,LG PC PN DE 5 14K GH VS1VS2 16 G 8Ct
LG PC PN DE 5 14D GH VS1VS2 16 G 8Ct,B0H2HY1SXX,LG PC PN DE 5 14D GH VS1VS2 16 G 8Ct
LG PC PN DE 5 PLT GH VS1VS2 16 G 8Ct,B0H2J3X75Y,LG PC PN DE 5 PLT GH VS1VS2 16 G 8Ct
LG PC PN DE 5 14P GH VS1VS2 16 G 9Ct,B0H2HVLJZD,LG PC PN DE 5 14P GH VS1VS2 16 G 9Ct
LG PC PN DE 5 14K GH VS1VS2 16 G 9Ct,B0H2J6BFZ3,LG PC PN DE 5 14K GH VS1VS2 16 G 9Ct
LG PC PN DE 5 14D GH VS1VS2 16 G 9Ct,B0H2JBZDSK,LG PC PN DE 5 14D GH VS1VS2 16 G 9Ct
LG PC PN DE 5 PLT GH VS1VS2 16 G 9Ct,B0H2J9JSHF,LG PC PN DE 5 PLT GH VS1VS2 16 G 9Ct
LG PC PN DE 5 14P GH VS1VS2 16 G 10Ct,B0H2J6BFZ9,LG PC PN DE 5 14P GH VS1VS2 16 G 10Ct
LG PC PN DE 5 14K GH VS1VS2 16 G 10Ct,B0H2JFHRH4,LG PC PN DE 5 14K GH VS1VS2 16 G 10Ct
LG PC PN DE 5 14D GH VS1VS2 16 G 10Ct,B0H2J76NQ9,LG PC PN DE 5 14D GH VS1VS2 16 G 10Ct
LG PC PN DE 5 PLT GH VS1VS2 16 G 10Ct,B0H2J7JX23,LG PC PN DE 5 PLT GH VS1VS2 16 G 10Ct
LG PC PN DE 0.5 14P GH VS1VS2 16 S,B0H2J415BF,LG PC PN DE 0.5 14P GH VS1VS2 16 S
LG PC PN 0.5 14K GH VS1VS2 16 S,B0CJJY3QP1,LG PC PN 0.5 14K GH VS1VS2 16 S
LG PC PN 0.5 14D GH VS1VS2 16 S,B0CJJYC4GC,LG PC PN 0.5 14D GH VS1VS2 16 S
LG PC PN DE 0.5 PLT GH VS1VS2 16 S,B0H2JHYBBM,LG PC PN DE 0.5 PLT GH VS1VS2 16 S
LG PC PN DE 0.75 14P GH VS1VS2 16 S,B0H2J6GT68,LG PC PN DE 0.75 14P GH VS1VS2 16 S
LG PC PN DE 0.75 14K GH VS1VS2 16 S,B0H2J2HL15,LG PC PN DE 0.75 14K GH VS1VS2 16 S
LG PC PN DE 0.75 14D GH VS1VS2 16 S,B0H2JF5VTF,LG PC PN DE 0.75 14D GH VS1VS2 16 S
LG PC PN DE 0.75 PLT GH VS1VS2 16 S,B0H2J84YQ2,LG PC PN DE 0.75 PLT GH VS1VS2 16 S
LG PC PN DE 1 14P GH VS1VS2 16 S,B0H2J4BF76,LG PC PN DE 1 14P GH VS1VS2 16 S
LG PC PN 1 14K GH VS1VS2 16 S,B0CJJZJ46S,LG PC PN 1 14K GH VS1VS2 16 S
LG PC PN 1 14D GH VS1VS2 16 S,B0CJJZS3KC,LG PC PN 1 14D GH VS1VS2 16 S
LG PC PN DE 1 PLT GH VS1VS2 16 S,B0H2J7SLV7,LG PC PN DE 1 PLT GH VS1VS2 16 S
LG PC PN 1 SS GH VS1VS2 16 S,B0FMHB8JZL,LG PC PN 1 SS GH VS1VS2 16 S
LG PC PN DE 1.5 14P GH VS1VS2 16 S,B0H2J4BF75,LG PC PN DE 1.5 14P GH VS1VS2 16 S
LG PC PN 1.5 14K GH VS1VS2 16 S,B0CJJV52RN,LG PC PN 1.5 14K GH VS1VS2 16 S
LG PC PN DE 1.5 14D GH VS1VS2 16 S,B0H2J3X75X,LG PC PN DE 1.5 14D GH VS1VS2 16 S
LG PC PN DE 1.5 PLT GH VS1VS2 16 S,B0H2JHYBBD,LG PC PN DE 1.5 PLT GH VS1VS2 16 S
LG PC PN DE 2 14P GH VS1VS2 16 S,B0H2JCF5NJ,LG PC PN DE 2 14P GH VS1VS2 16 S
LG PC PN 2 14K GH VS1VS2 16 S,B0CJJY75FP,LG PC PN 2 14K GH VS1VS2 16 S
LG PC PN DE 2 14D GH VS1VS2 16 S,B0H2J5QRYL,LG PC PN DE 2 14D GH VS1VS2 16 S
LG PC PN DE 2 PLT GH VS1VS2 16 S,B0H2J5ZLSQ,LG PC PN DE 2 PLT GH VS1VS2 16 S
LG PC PN DE 3 14P GH VS1VS2 16 S,B0H2J3847L,LG PC PN DE 3 14P GH VS1VS2 16 S
LG PC PN DE 3 14K GH VS1VS2 16 S,B0H2J9ZLPZ,LG PC PN DE 3 14K GH VS1VS2 16 S
LG PC PN DE 3 14D GH VS1VS2 16 S,B0H2JDX2M2,LG PC PN DE 3 14D GH VS1VS2 16 S
LG PC PN DE 3 PLT GH VS1VS2 16 S,B0H2J7P3HH,LG PC PN DE 3 PLT GH VS1VS2 16 S
LG PC PN DE 4 14P GH VS1VS2 16 S-BB1,B0H2JBRDXY,LG PC PN DE 4 14P GH VS1VS2 16 S-BB1
LG PC PN 4 14K GH VS1VS2 16 S,B0CJJXPDGB,LG PC PN 4 14K GH VS1VS2 16 S
LG PC PN DE 4 14D GH VS1VS2 16 S,B0H2J3H2YW,LG PC PN DE 4 14D GH VS1VS2 16 S
LG PC PN DE 4 PLT GH VS1VS2 16 S,B0H2J575FR,LG PC PN DE 4 PLT GH VS1VS2 16 S
LG PC PN DE 5 14P GH VS1VS2 16 S,B0H2JZ4SRF,LG PC PN DE 5 14P GH VS1VS2 16 S
LG PC PN DE 5 14K GH VS1VS2 16 S,B0H2J8HG2C,LG PC PN DE 5 14K GH VS1VS2 16 S
LG PC PN DE 5 14D GH VS1VS2 16 S,B0H2J9QGNZ,LG PC PN DE 5 14D GH VS1VS2 16 S
LG PC PN DE 5 PLT GH VS1VS2 16 S,B0H2J4W9HH,LG PC PN DE 5 PLT GH VS1VS2 16 S
LG PC PN DE 5 14P GH VS1VS2 16 S 6Ct,B0H2J5DYXJ,LG PC PN DE 5 14P GH VS1VS2 16 S 6Ct
LG PC PN DE 5 14K GH VS1VS2 16 S 6Ct,B0H2J5ZTHS,LG PC PN DE 5 14K GH VS1VS2 16 S 6Ct
LG PC PN DE 5 14D GH VS1VS2 16 S 6Ct,B0H2JDFQ2W,LG PC PN DE 5 14D GH VS1VS2 16 S 6Ct
LG PC PN DE 5 PLT GH VS1VS2 16 S 6Ct,B0H2J868PY,LG PC PN DE 5 PLT GH VS1VS2 16 S 6Ct
LG PC PN DE 5 14P GH VS1VS2 16 S 7Ct,B0H2JFTFWM,LG PC PN DE 5 14P GH VS1VS2 16 S 7Ct
LG PC PN DE 5 14K GH VS1VS2 16 S 7Ct,B0H2J66BN6,LG PC PN DE 5 14K GH VS1VS2 16 S 7Ct
LG PC PN DE 5 14D GH VS1VS2 16 S 7Ct,B0H2JDZCCZ,LG PC PN DE 5 14D GH VS1VS2 16 S 7Ct
LG PC PN DE 5 PLT GH VS1VS2 16 S 7Ct,B0H2J1QWQ3,LG PC PN DE 5 PLT GH VS1VS2 16 S 7Ct
LG PC PN DE 5 14P GH VS1VS2 16 S 8Ct,B0H2J9DHWJ,LG PC PN DE 5 14P GH VS1VS2 16 S 8Ct
LG PC PN DE 5 14K GH VS1VS2 16 S 8Ct,B0H2J85Q4D,LG PC PN DE 5 14K GH VS1VS2 16 S 8Ct
LG PC PN DE 5 14D GH VS1VS2 16 S 8Ct,B0H2J9BF67,LG PC PN DE 5 14D GH VS1VS2 16 S 8Ct
LG PC PN DE 5 PLT GH VS1VS2 16 S 8Ct,B0H2J9TD22,LG PC PN DE 5 PLT GH VS1VS2 16 S 8Ct
LG PC PN DE 5 14P GH VS1VS2 16 S 9Ct,B0H2J6YQ2R,LG PC PN DE 5 14P GH VS1VS2 16 S 9Ct
LG PC PN DE 5 14K GH VS1VS2 16 S 9Ct,B0H2J63MNM,LG PC PN DE 5 14K GH VS1VS2 16 S 9Ct
LG PC PN DE 5 14D GH VS1VS2 16 S 9Ct,B0H2JH59MJ,LG PC PN DE 5 14D GH VS1VS2 16 S 9Ct
LG PC PN DE 5 PLT GH VS1VS2 16 S 9Ct,B0H2JKCH18,LG PC PN DE 5 PLT GH VS1VS2 16 S 9Ct
LG PC PN DE 5 14P GH VS1VS2 16 S 10Ct,B0H2J855RS,LG PC PN DE 5 14P GH VS1VS2 16 S 10Ct
LG PC PN DE 5 14K GH VS1VS2 16 S 10Ct,B0H2J88M5N,LG PC PN DE 5 14K GH VS1VS2 16 S 10Ct
LG PC PN DE 5 14D GH VS1VS2 16 S 10Ct,B0H2J83187,LG PC PN DE 5 14D GH VS1VS2 16 S 10Ct
LG PC PN DE 5 PLT GH VS1VS2 16 S 10Ct,B0H2J817LX,LG PC PN DE 5 PLT GH VS1VS2 16 S 10Ct
LG PC PN DE 0.5 14P GH VS1VS2 18 G,B0H2JDK5RS,LG PC PN DE 0.5 14P GH VS1VS2 18 G
LG PC PN 0.5 14K GH VS1VS2 18 G,B0CJJZB36V,LG PC PN 0.5 14K GH VS1VS2 18 G
LG PC PN 0.5 14D GH VS1VS2 18 G,B0CJJYB8VV,LG PC PN 0.5 14D GH VS1VS2 18 G
LG PC PN DE 0.5 PLT GH VS1VS2 18 G,B0H2JBV8FS,LG PC PN DE 0.5 PLT GH VS1VS2 18 G
LG PC PN DE 0.75 14P GH VS1VS2 18 G,B0H2J7172S,LG PC PN DE 0.75 14P GH VS1VS2 18 G
LG PC PN 0.75 14K GH VS1VS2 18 G,B0CJJVVH4Y,LG PC PN 0.75 14K GH VS1VS2 18 G
LG PC PN 0.75 14D GH VS1VS2 18 G,B0CJJZNN3H,LG PC PN 0.75 14D GH VS1VS2 18 G
LG PC PN DE 0.75 PLT GH VS1VS2 18 G,B0H2J5Z1B7,LG PC PN DE 0.75 PLT GH VS1VS2 18 G
LG PC PN DE 1 14P GH VS1VS2 18 G,B0H2JJJ4FY,LG PC PN DE 1 14P GH VS1VS2 18 G
LG PC PN 1 14K GH VS1VS2 18 G,B0CJJXR5ZX,LG PC PN 1 14K GH VS1VS2 18 G
LG PC PN 1 14D GH VS1VS2 18 G,B0CJJWTYFB,LG PC PN 1 14D GH VS1VS2 18 G
LG PC PN DE 1 PLT GH VS1VS2 18 G,B0H2J5D6YG,LG PC PN DE 1 PLT GH VS1VS2 18 G
LG PC PN DE 1 SS GH VS1VS2 18 G,B0H2J34PD7,LG PC PN DE 1 SS GH VS1VS2 18 G
LG PC PN DE 1.5 14P GH VS1VS2 18 G,B0H2J55R25,LG PC PN DE 1.5 14P GH VS1VS2 18 G
LG PC PN DE 1.5 14K GH VS1VS2 18 G,B0H2J4PFX4,LG PC PN DE 1.5 14K GH VS1VS2 18 G
LG PC PN 1.5 14D GH VS1VS2 18 G,B0CJJZ74NN,LG PC PN 1.5 14D GH VS1VS2 18 G
LG PC PN DE 1.5 PLT GH VS1VS2 18 G,B0H2HYYHQB,LG PC PN DE 1.5 PLT GH VS1VS2 18 G
LG PC PN DE 2 14P GH VS1VS2 18 G,B0H2HYMR98,LG PC PN DE 2 14P GH VS1VS2 18 G
LG PC PN DE 2 14K GH VS1VS2 18 G,B0H2J3YH8Q,LG PC PN DE 2 14K GH VS1VS2 18 G
LG PC PN DE 2 14D GH VS1VS2 18 G,B0H2JDNM5T,LG PC PN DE 2 14D GH VS1VS2 18 G
LG PC PN DE 2 PLT GH VS1VS2 18 G,B0H2JD1394,LG PC PN DE 2 PLT GH VS1VS2 18 G
LG PC PN DE 3 14P GH VS1VS2 18 G,B0H2J3PF6B,LG PC PN DE 3 14P GH VS1VS2 18 G
LG PC PN DE 3 14K GH VS1VS2 18 G,B0H2J5JZ91,LG PC PN DE 3 14K GH VS1VS2 18 G
LG PC PN DE 3 14D GH VS1VS2 18 G,B0H2J8X4LD,LG PC PN DE 3 14D GH VS1VS2 18 G
LG PC PN DE 3 PLT GH VS1VS2 18 G,B0H2JB5M89,LG PC PN DE 3 PLT GH VS1VS2 18 G
LG PC PN DE 4 14P GH VS1VS2 18 G,B0H2J5BBVV,LG PC PN DE 4 14P GH VS1VS2 18 G
LG PC PN DE 4 14K GH VS1VS2 18 G,B0H2J2MKCW,LG PC PN DE 4 14K GH VS1VS2 18 G
LG PC PN DE 4 14D GH VS1VS2 18 G,B0H2J79TK4,LG PC PN DE 4 14D GH VS1VS2 18 G
LG PC PN DE 4 PLT GH VS1VS2 18 G,B0H2J1RDJR,LG PC PN DE 4 PLT GH VS1VS2 18 G
LG PC PN DE 5 14P GH VS1VS2 18 G,B0H2J78ZCK,LG PC PN DE 5 14P GH VS1VS2 18 G
LG PC PN DE 5 14K GH VS1VS2 18 G,B0H2J847SB,LG PC PN DE 5 14K GH VS1VS2 18 G
LG PC PN 5 14D GH VS1VS2 18 G,B0CJJW8XK6,LG PC PN 5 14D GH VS1VS2 18 G
LG PC PN DE 5 PLT GH VS1VS2 18 G,B0H2J144WK,LG PC PN DE 5 PLT GH VS1VS2 18 G
LG PC PN 5 14P GH VS1VS2 18 G 6Ct,B0FZKSH7S5,LG PC PN 5 14P GH VS1VS2 18 G 6Ct
LG PC PN DE 5 14K GH VS1VS2 18 G 6Ct,B0H2JDKWTX,LG PC PN DE 5 14K GH VS1VS2 18 G 6Ct
LG PC PN DE 5 14D GH VS1VS2 18 G 6Ct,B0H2J6KRT7,LG PC PN DE 5 14D GH VS1VS2 18 G 6Ct
LG PC PN DE 5 PLT GH VS1VS2 18 G 6Ct,B0H2J7MDRF,LG PC PN DE 5 PLT GH VS1VS2 18 G 6Ct
LG PC PN DE 5 14P GH VS1VS2 18 G 7Ct,B0H2J5BHVR,LG PC PN DE 5 14P GH VS1VS2 18 G 7Ct
LG PC PN DE 5 14K GH VS1VS2 18 G 7Ct,B0H2JCKV82,LG PC PN DE 5 14K GH VS1VS2 18 G 7Ct
LG PC PN DE 5 14D GH VS1VS2 18 G 7Ct,B0H2J5491M,LG PC PN DE 5 14D GH VS1VS2 18 G 7Ct
LG PC PN DE 5 PLT GH VS1VS2 18 G 7Ct,B0H2J8PHL1,LG PC PN DE 5 PLT GH VS1VS2 18 G 7Ct
LG PC PN DE 5 14P GH VS1VS2 18 G 8Ct,B0H2J8LNR6,LG PC PN DE 5 14P GH VS1VS2 18 G 8Ct
LG PC PN DE 5 14K GH VS1VS2 18 G 8Ct,B0H2J8Y88J,LG PC PN DE 5 14K GH VS1VS2 18 G 8Ct
LG PC PN DE 5 14D GH VS1VS2 18 G 8Ct,B0H2JZ4SRC,LG PC PN DE 5 14D GH VS1VS2 18 G 8Ct
LG PC PN DE 5 PLT GH VS1VS2 18 G 8Ct,B0H2JBXNVX,LG PC PN DE 5 PLT GH VS1VS2 18 G 8Ct
LG PC PN DE 5 14P GH VS1VS2 18 G 9Ct,B0H2JJNK22,LG PC PN DE 5 14P GH VS1VS2 18 G 9Ct
LG PC PN DE 5 14K GH VS1VS2 18 G 9Ct,B0H2J5XWTK,LG PC PN DE 5 14K GH VS1VS2 18 G 9Ct
LG PC PN DE 5 14D GH VS1VS2 18 G 9Ct,B0H2J78BH3,LG PC PN DE 5 14D GH VS1VS2 18 G 9Ct
LG PC PN DE 5 PLT GH VS1VS2 18 G 9Ct,B0H2J69938,LG PC PN DE 5 PLT GH VS1VS2 18 G 9Ct
LG PC PN DE 5 14P GH VS1VS2 18 G 10Ct,B0H2J81HDK,LG PC PN DE 5 14P GH VS1VS2 18 G 10Ct
LG PC PN DE 5 14K GH VS1VS2 18 G 10Ct,B0H2J5NVPY,LG PC PN DE 5 14K GH VS1VS2 18 G 10Ct
LG PC PN DE 5 14D GH VS1VS2 18 G 10Ct,B0H2JCWWC1,LG PC PN DE 5 14D GH VS1VS2 18 G 10Ct
LG PC PN DE 5 PLT GH VS1VS2 18 G 10Ct,B0H2HZWXWQ,LG PC PN DE 5 PLT GH VS1VS2 18 G 10Ct
LG PC PN DE 0.5 14P GH VS1VS2 18 S,B0H2JF7BFH,LG PC PN DE 0.5 14P GH VS1VS2 18 S
LG PC PN 0.5 14K GH VS1VS2 18 S,B0CJJZSQXS,LG PC PN 0.5 14K GH VS1VS2 18 S
LG PC PN DE 0.5 14D GH VS1VS2 18 S,B0H2J7ZDDF,LG PC PN DE 0.5 14D GH VS1VS2 18 S
LG PC PN DE 0.5 PLT GH VS1VS2 18 S,B0H2J35B9N,LG PC PN DE 0.5 PLT GH VS1VS2 18 S
LG PC PN DE 0.75 14P GH VS1VS2 18 S,B0H2J7W6MT,LG PC PN DE 0.75 14P GH VS1VS2 18 S
LG PC PN DE 0.75 14K GH VS1VS2 18 S,B0H2JDHB41,LG PC PN DE 0.75 14K GH VS1VS2 18 S
LG PC PN DE 0.75 14D GH VS1VS2 18 S,B0H2JCNSMG,LG PC PN DE 0.75 14D GH VS1VS2 18 S
LG PC PN DE 0.75 PLT GH VS1VS2 18 S,B0H2J6NNQS,LG PC PN DE 0.75 PLT GH VS1VS2 18 S
LG PC PN DE 1 14P GH VS1VS2 18 S,B0H2J91MBF,LG PC PN DE 1 14P GH VS1VS2 18 S
LG PC PN 1 14K GH VS1VS2 18 S,B0CJJX23TG,LG PC PN 1 14K GH VS1VS2 18 S
LG PC PN DE 1 14D GH VS1VS2 18 S,B0H2J4DSRH,LG PC PN DE 1 14D GH VS1VS2 18 S
LG PC PN DE 1 PLT GH VS1VS2 18 S,B0H2JGC7JW,LG PC PN DE 1 PLT GH VS1VS2 18 S
LG PC PN 1 SS GH VS1VS2 18 S,B0FMGMV1GR,LG PC PN 1 SS GH VS1VS2 18 S
LG PC PN DE 1.5 14P GH VS1VS2 18 S,B0H2J97YQS,LG PC PN DE 1.5 14P GH VS1VS2 18 S
LG PC PN 1.5 14K GH VS1VS2 18 S,B0CJJY3883,LG PC PN 1.5 14K GH VS1VS2 18 S
LG PC PN DE 1.5 14D GH VS1VS2 18 S,B0H2JB9F64,LG PC PN DE 1.5 14D GH VS1VS2 18 S
LG PC PN DE 1.5 PLT GH VS1VS2 18 S,B0H2JBR3VV,LG PC PN DE 1.5 PLT GH VS1VS2 18 S
LG PC PN DE 2 14P GH VS1VS2 18 S,B0H2JJMBZB,LG PC PN DE 2 14P GH VS1VS2 18 S
LG PC PN DE 2 14K GH VS1VS2 18 S,B0H2JJLM2Z,LG PC PN DE 2 14K GH VS1VS2 18 S
LG PC PN DE 2 14D GH VS1VS2 18 S,B0H2J5BR3Y,LG PC PN DE 2 14D GH VS1VS2 18 S
LG PC PN 2 PLT GH VS1VS2 18 S,B0CJJZ6111,LG PC PN 2 PLT GH VS1VS2 18 S
LG PC PN DE 3 14P GH VS1VS2 18 S,B0H2JD3S7L,LG PC PN DE 3 14P GH VS1VS2 18 S
LG PC PN 3 14K GH VS1VS2 18 S,B0CJJYDRBX,LG PC PN 3 14K GH VS1VS2 18 S
LG PC PN DE 3 14D GH VS1VS2 18 S,B0H2J8FK7J,LG PC PN DE 3 14D GH VS1VS2 18 S
LG PC PN DE 3 PLT GH VS1VS2 18 S,B0H2J59PDS,LG PC PN DE 3 PLT GH VS1VS2 18 S
LG PC PN DE 4 14P GH VS1VS2 18 S,B0H2J5CM2V,LG PC PN DE 4 14P GH VS1VS2 18 S
LG PC PN DE 4 14K GH VS1VS2 18 S,B0H2J6XHF8,LG PC PN DE 4 14K GH VS1VS2 18 S
LG PC PN DE 4 14D GH VS1VS2 18 S,B0H2JB1TNN,LG PC PN DE 4 14D GH VS1VS2 18 S
LG PC PN DE 4 PLT GH VS1VS2 18 S,B0H2J422XK,LG PC PN DE 4 PLT GH VS1VS2 18 S
LG PC PN DE 5 14P GH VS1VS2 18 S,B0H2J4X2J9,LG PC PN DE 5 14P GH VS1VS2 18 S
LG PC PN DE 5 14K GH VS1VS2 18 S,B0H2J7YDBB,LG PC PN DE 5 14K GH VS1VS2 18 S
LG PC PN DE 5 14D GH VS1VS2 18 S,B0H2J8QHGS,LG PC PN DE 5 14D GH VS1VS2 18 S
LG PC PN DE 5 PLT GH VS1VS2 18 S,B0H2HXX19Q,LG PC PN DE 5 PLT GH VS1VS2 18 S
LG PC PN DE 5 14P GH VS1VS2 18 S 6Ct,B0H2JBHYM5,LG PC PN DE 5 14P GH VS1VS2 18 S 6Ct
LG PC PN DE 5 14K GH VS1VS2 18 S 6Ct,B0H2J71GYJ,LG PC PN DE 5 14K GH VS1VS2 18 S 6Ct
LG PC PN DE 5 14D GH VS1VS2 18 S 6Ct,B0H2JD4VVJ,LG PC PN DE 5 14D GH VS1VS2 18 S 6Ct
LG PC PN DE 5 PLT GH VS1VS2 18 S 6Ct,B0H2J75FMN,LG PC PN DE 5 PLT GH VS1VS2 18 S 6Ct
LG PC PN DE 5 14P GH VS1VS2 18 S 7Ct,B0H2J7B18Q,LG PC PN DE 5 14P GH VS1VS2 18 S 7Ct
LG PC PN DE 5 14K GH VS1VS2 18 S 7Ct,B0H2J59S9F,LG PC PN DE 5 14K GH VS1VS2 18 S 7Ct
LG PC PN DE 5 14D GH VS1VS2 18 S 7Ct,B0H2J41CYD,LG PC PN DE 5 14D GH VS1VS2 18 S 7Ct
LG PC PN DE 5 PLT GH VS1VS2 18 S 7Ct,B0H2J81D9V,LG PC PN DE 5 PLT GH VS1VS2 18 S 7Ct
LG PC PN DE 5 14P GH VS1VS2 18 S 8Ct,B0H2J5S6LM,LG PC PN DE 5 14P GH VS1VS2 18 S 8Ct
LG PC PN DE 5 14K GH VS1VS2 18 S 8Ct,B0H2J36QCR,LG PC PN DE 5 14K GH VS1VS2 18 S 8Ct
LG PC PN DE 5 14D GH VS1VS2 18 S 8Ct,B0H2J5491S,LG PC PN DE 5 14D GH VS1VS2 18 S 8Ct
LG PC PN DE 5 PLT GH VS1VS2 18 S 8Ct,B0H2JCKLBK,LG PC PN DE 5 PLT GH VS1VS2 18 S 8Ct
LG PC PN DE 5 14P GH VS1VS2 18 S 9Ct,B0H2J1P74Z,LG PC PN DE 5 14P GH VS1VS2 18 S 9Ct
LG PC PN DE 5 14K GH VS1VS2 18 S 9Ct,B0H2J7MLX3,LG PC PN DE 5 14K GH VS1VS2 18 S 9Ct
LG PC PN DE 5 14D GH VS1VS2 18 S 9Ct,B0H2JBML91,LG PC PN DE 5 14D GH VS1VS2 18 S 9Ct
LG PC PN DE 5 PLT GH VS1VS2 18 S 9Ct,B0H2J1JM5F,LG PC PN DE 5 PLT GH VS1VS2 18 S 9Ct
LG PC PN DE 5 14P GH VS1VS2 18 S 10Ct,B0H2J6H89B,LG PC PN DE 5 14P GH VS1VS2 18 S 10Ct
LG PC PN DE 5 14K GH VS1VS2 18 S 10Ct,B0H2J9GTSF,LG PC PN DE 5 14K GH VS1VS2 18 S 10Ct
LG PC PN DE 5 14D GH VS1VS2 18 S 10Ct,B0H2JCZCQC,LG PC PN DE 5 14D GH VS1VS2 18 S 10Ct
LG PC PN DE 5 PLT GH VS1VS2 18 S 10Ct,B0H2J8JR8C,LG PC PN DE 5 PLT GH VS1VS2 18 S 10Ct
LG PC PN DE 0.5 14P GH VS1VS2 20 G,B0H2J7B71G,LG PC PN DE 0.5 14P GH VS1VS2 20 G
LG PC PN 0.5 14K GH VS1VS2 20 G,B0CJJY38V9,LG PC PN 0.5 14K GH VS1VS2 20 G
LG PC PN 0.5 14D GH VS1VS2 20 G,B0CJJWYFCJ,LG PC PN 0.5 14D GH VS1VS2 20 G
LG PC PN DE 0.5 PLT GH VS1VS2 20 G,B0H2J37D4S,LG PC PN DE 0.5 PLT GH VS1VS2 20 G
LG PC PN DE 0.75 14P GH VS1VS2 20 G,B0H2JKBPRB,LG PC PN DE 0.75 14P GH VS1VS2 20 G
LG PC PN DE 0.75 14K GH VS1VS2 20 G,B0H2J99TFC,LG PC PN DE 0.75 14K GH VS1VS2 20 G
LG PC PN DE 0.75 14D GH VS1VS2 20 G,B0H2J7W9JX,LG PC PN DE 0.75 14D GH VS1VS2 20 G
LG PC PN DE 0.75 PLT GH VS1VS2 20 G,B0H2J78ZCM,LG PC PN DE 0.75 PLT GH VS1VS2 20 G
LG PC PN DE 1 14P GH VS1VS2 20 G,B0H2J8SH6J,LG PC PN DE 1 14P GH VS1VS2 20 G
LG PC PN 1 14K GH VS1VS2 20 G,B0CJJX2JFH,LG PC PN 1 14K GH VS1VS2 20 G
LG PC PN 1 14D GH VS1VS2 20 G,B0CJK1MNG6,LG PC PN 1 14D GH VS1VS2 20 G
LG PC PN DE 1 PLT GH VS1VS2 20 G,B0H2J4M9JJ,LG PC PN DE 1 PLT GH VS1VS2 20 G
LG PC PN DE 1 SS GH VS1VS2 20 G,B0H2JDNM59,LG PC PN DE 1 SS GH VS1VS2 20 G
LG PC PN DE 1.5 14P GH VS1VS2 20 G,B0H2J7NFT1,LG PC PN DE 1.5 14P GH VS1VS2 20 G
LG PC PN DE 1.5 14K GH VS1VS2 20 G,B0H2J56KXQ,LG PC PN DE 1.5 14K GH VS1VS2 20 G
LG PC PN DE 1.5 14D GH VS1VS2 20 G,B0H2J5S6LZ,LG PC PN DE 1.5 14D GH VS1VS2 20 G
LG PC PN DE 1.5 PLT GH VS1VS2 20 G,B0H2JBZPS8,LG PC PN DE 1.5 PLT GH VS1VS2 20 G
LG PC PN DE 2 14P GH VS1VS2 20 G,B0H2J7551R,LG PC PN DE 2 14P GH VS1VS2 20 G
LG PC PN DE 2 14K GH VS1VS2 20 G,B0H2JDJ6BC,LG PC PN DE 2 14K GH VS1VS2 20 G
LG PC PN DE 2 14D GH VS1VS2 20 G,B0H2JBYT2G,LG PC PN DE 2 14D GH VS1VS2 20 G
LG PC PN DE 2 PLT GH VS1VS2 20 G,B0H2J7MHNK,LG PC PN DE 2 PLT GH VS1VS2 20 G
LG PC PN DE 3 14P GH VS1VS2 20 G,B0H2JGNBBL,LG PC PN DE 3 14P GH VS1VS2 20 G
LG PC PN DE 3 14K GH VS1VS2 20 G,B0H2J5D6YF,LG PC PN DE 3 14K GH VS1VS2 20 G
LG PC PN DE 3 14D GH VS1VS2 20 G,B0H2J9LQ7J,LG PC PN DE 3 14D GH VS1VS2 20 G
LG PC PN DE 3 PLT GH VS1VS2 20 G-BB1,B0H2J7NW4K,LG PC PN DE 3 PLT GH VS1VS2 20 G-BB1
LG PC PN DE 4 14P GH VS1VS2 20 G,B0H2J9MM1Z,LG PC PN DE 4 14P GH VS1VS2 20 G
LG PC PN DE 4 14K GH VS1VS2 20 G-BB1,B0H2J56VYM,LG PC PN DE 4 14K GH VS1VS2 20 G-BB1
LG PC PN DE 4 14D GH VS1VS2 20 G,B0H2J61MX9,LG PC PN DE 4 14D GH VS1VS2 20 G
LG PC PN DE 4 PLT GH VS1VS2 20 G,B0H2J6LL9J,LG PC PN DE 4 PLT GH VS1VS2 20 G
LG PC PN 5 14P GH VS1VS2 20 G,B0CJJXQ13L,LG PC PN 5 14P GH VS1VS2 20 G
LG PC PN DE 5 14K GH VS1VS2 20 G,B0H2JGMH54,LG PC PN DE 5 14K GH VS1VS2 20 G
LG PC PN DE 5 14D GH VS1VS2 20 G,B0H2J5B29W,LG PC PN DE 5 14D GH VS1VS2 20 G
LG PC PN DE 5 PLT GH VS1VS2 20 G,B0H2HZYTD3,LG PC PN DE 5 PLT GH VS1VS2 20 G
LG PC PN DE 5 14P GH VS1VS2 20 G 6Ct,B0H2J59PDG,LG PC PN DE 5 14P GH VS1VS2 20 G 6Ct
LG PC PN DE 5 14K GH VS1VS2 20 G 6Ct,B0H2J8JXNG,LG PC PN DE 5 14K GH VS1VS2 20 G 6Ct
LG PC PN DE 5 14D GH VS1VS2 20 G 6Ct,B0H2J7SLVB,LG PC PN DE 5 14D GH VS1VS2 20 G 6Ct
LG PC PN DE 5 PLT GH VS1VS2 20 G 6Ct,B0H2JBSB9Q,LG PC PN DE 5 PLT GH VS1VS2 20 G 6Ct
LG PC PN DE 5 14P GH VS1VS2 20 G 7Ct,B0H2J87BZN,LG PC PN DE 5 14P GH VS1VS2 20 G 7Ct
LG PC PN DE 5 14K GH VS1VS2 20 G 7Ct,B0H2J3N8N6,LG PC PN DE 5 14K GH VS1VS2 20 G 7Ct
LG PC PN DE 5 14D GH VS1VS2 20 G 7Ct,B0H2J4RFM5,LG PC PN DE 5 14D GH VS1VS2 20 G 7Ct
LG PC PN DE 5 PLT GH VS1VS2 20 G 7Ct,B0H2J212S4,LG PC PN DE 5 PLT GH VS1VS2 20 G 7Ct
LG PC PN DE 5 14P GH VS1VS2 20 G 8Ct,B0H2J6967M,LG PC PN DE 5 14P GH VS1VS2 20 G 8Ct
LG PC PN DE 5 14K GH VS1VS2 20 G 8Ct,B0H2J6SYV5,LG PC PN DE 5 14K GH VS1VS2 20 G 8Ct
LG PC PN DE 5 14D GH VS1VS2 20 G 8Ct,B0H2J1SN99,LG PC PN DE 5 14D GH VS1VS2 20 G 8Ct
LG PC PN DE 5 PLT GH VS1VS2 20 G 8Ct,B0H2J6967K,LG PC PN DE 5 PLT GH VS1VS2 20 G 8Ct
LG PC PN DE 5 14P GH VS1VS2 20 G 9Ct,B0H2JB5DW5,LG PC PN DE 5 14P GH VS1VS2 20 G 9Ct
LG PC PN DE 5 14K GH VS1VS2 20 G 9Ct,B0H2J6ZJ6X,LG PC PN DE 5 14K GH VS1VS2 20 G 9Ct
LG PC PN DE 5 14D GH VS1VS2 20 G 9Ct,B0H2JDKPK1,LG PC PN DE 5 14D GH VS1VS2 20 G 9Ct
LG PC PN DE 5 PLT GH VS1VS2 20 G 9Ct,B0H2J9DT1B,LG PC PN DE 5 PLT GH VS1VS2 20 G 9Ct
LG PC PN DE 5 14P GH VS1VS2 20 G 10Ct,B0H2J1P74Y,LG PC PN DE 5 14P GH VS1VS2 20 G 10Ct
LG PC PN DE 5 14K GH VS1VS2 20 G 10Ct,B0H2JDNM5G,LG PC PN DE 5 14K GH VS1VS2 20 G 10Ct
LG PC PN DE 5 14D GH VS1VS2 20 G 10Ct,B0H2J5491J,LG PC PN DE 5 14D GH VS1VS2 20 G 10Ct
LG PC PN DE 5 PLT GH VS1VS2 20 G 10Ct,B0H2J5K36Y,LG PC PN DE 5 PLT GH VS1VS2 20 G 10Ct
LG PC PN DE 0.5 14P GH VS1VS2 20 S,B0H2J3H2YS,LG PC PN DE 0.5 14P GH VS1VS2 20 S
LG PC PN DE 0.5 14K GH VS1VS2 20 S,B0H2J3QMDJ,LG PC PN DE 0.5 14K GH VS1VS2 20 S
LG PC PN 0.5 14D GH VS1VS2 20 S,B0CJJXXLRH,LG PC PN 0.5 14D GH VS1VS2 20 S
LG PC PN DE 0.5 PLT GH VS1VS2 20 S,B0H2J87TVR,LG PC PN DE 0.5 PLT GH VS1VS2 20 S
LG PC PN DE 0.75 14P GH VS1VS2 20 S,B0H2J8P1LG,LG PC PN DE 0.75 14P GH VS1VS2 20 S
LG PC PN DE 0.75 14K GH VS1VS2 20 S,B0H2JBZPSF,LG PC PN DE 0.75 14K GH VS1VS2 20 S
LG PC PN DE 0.75 14D GH VS1VS2 20 S,B0H2J1S9DK,LG PC PN DE 0.75 14D GH VS1VS2 20 S
LG PC PN DE 0.75 PLT GH VS1VS2 20 S,B0H2JDGR2P,LG PC PN DE 0.75 PLT GH VS1VS2 20 S
LG PC PN DE 1 14P GH VS1VS2 20 S,B0H2JJLX9G,LG PC PN DE 1 14P GH VS1VS2 20 S
LG PC PN DE 1 14K GH VS1VS2 20 S,B0H2J2KYYQ,LG PC PN DE 1 14K GH VS1VS2 20 S
LG PC PN DE 1 14D GH VS1VS2 20 S,B0H2JDV5Y9,LG PC PN DE 1 14D GH VS1VS2 20 S
LG PC PN DE 1 PLT GH VS1VS2 20 S,B0H2J71GYN,LG PC PN DE 1 PLT GH VS1VS2 20 S
LG PC PN DE 1 SS GH VS1VS2 20 S,B0H2J2QQV3,LG PC PN DE 1 SS GH VS1VS2 20 S
LG PC PN DE 1.5 14P GH VS1VS2 20 S,B0H2J6SYTQ,LG PC PN DE 1.5 14P GH VS1VS2 20 S
LG PC PN DE 1.5 14K GH VS1VS2 20 S,B0H2J9DHX1,LG PC PN DE 1.5 14K GH VS1VS2 20 S
LG PC PN DE 1.5 14D GH VS1VS2 20 S,B0H2JC1PPS,LG PC PN DE 1.5 14D GH VS1VS2 20 S
LG PC PN DE 1.5 PLT GH VS1VS2 20 S,B0H2J4VNJF,LG PC PN DE 1.5 PLT GH VS1VS2 20 S
LG PC PN DE 2 14P GH VS1VS2 20 S,B0H2J8P1LJ,LG PC PN DE 2 14P GH VS1VS2 20 S
LG PC PN 2 14K GH VS1VS2 20 S,B0CJJY4ZYN,LG PC PN 2 14K GH VS1VS2 20 S
LG PC PN DE 2 14D GH VS1VS2 20 S,B0H2JF3CTS,LG PC PN DE 2 14D GH VS1VS2 20 S
LG PC PN DE 2 PLT GH VS1VS2 20 S,B0H2JFSHSS,LG PC PN DE 2 PLT GH VS1VS2 20 S
LG PC PN DE 3 14P GH VS1VS2 20 S-BB1,B0H2JF6BDM,LG PC PN DE 3 14P GH VS1VS2 20 S-BB1
LG PC PN DE 3 14K GH VS1VS2 20 S,B0H2J89ZYF,LG PC PN DE 3 14K GH VS1VS2 20 S
LG PC PN DE 3 14D GH VS1VS2 20 S-BB1,B0H2J1KNZD,LG PC PN DE 3 14D GH VS1VS2 20 S-BB1
LG PC PN DE 3 PLT GH VS1VS2 20 S,B0H2J8F3YX,LG PC PN DE 3 PLT GH VS1VS2 20 S
LG PC PN DE 4 14P GH VS1VS2 20 S,B0H2J6X615,LG PC PN DE 4 14P GH VS1VS2 20 S
LG PC PN DE 4 14K GH VS1VS2 20 S,B0H2J3PQHC,LG PC PN DE 4 14K GH VS1VS2 20 S
LG PC PN DE 4 14D GH VS1VS2 20 S-BB1,B0H2J7551Q,LG PC PN DE 4 14D GH VS1VS2 20 S-BB1
LG PC PN DE 4 PLT GH VS1VS2 20 S,B0H2J7P3HF,LG PC PN DE 4 PLT GH VS1VS2 20 S
LG PC PN DE 5 14P GH VS1VS2 20 S,B0H2J768G9,LG PC PN DE 5 14P GH VS1VS2 20 S
LG PC PN DE 5 14K GH VS1VS2 20 S,B0H2J3SQRK,LG PC PN DE 5 14K GH VS1VS2 20 S
LG PC PN DE 5 14D GH VS1VS2 20 S,B0H2J3T9ZK,LG PC PN DE 5 14D GH VS1VS2 20 S
LG PC PN DE 5 PLT GH VS1VS2 20 S,B0H2J4BF7D,LG PC PN DE 5 PLT GH VS1VS2 20 S
LG PC PN DE 5 14P GH VS1VS2 20 S 6Ct,B0H2JGCDXJ,LG PC PN DE 5 14P GH VS1VS2 20 S 6Ct
LG PC PN DE 5 14K GH VS1VS2 20 S 6Ct,B0H2J71B8C,LG PC PN DE 5 14K GH VS1VS2 20 S 6Ct
LG PC PN DE 5 14D GH VS1VS2 20 S 6Ct,B0H2J4PQNN,LG PC PN DE 5 14D GH VS1VS2 20 S 6Ct
LG PC PN DE 5 PLT GH VS1VS2 20 S 6Ct,B0H2JHCYBY,LG PC PN DE 5 PLT GH VS1VS2 20 S 6Ct
LG PC PN DE 5 14P GH VS1VS2 20 S 7Ct,B0H2J81SHD,LG PC PN DE 5 14P GH VS1VS2 20 S 7Ct
LG PC PN DE 5 14K GH VS1VS2 20 S 7Ct,B0H2J92G3Q,LG PC PN DE 5 14K GH VS1VS2 20 S 7Ct
LG PC PN DE 5 14D GH VS1VS2 20 S 7Ct,B0H2J863NZ,LG PC PN DE 5 14D GH VS1VS2 20 S 7Ct
LG PC PN DE 5 PLT GH VS1VS2 20 S 7Ct,B0H2J7SV97,LG PC PN DE 5 PLT GH VS1VS2 20 S 7Ct
LG PC PN DE 5 14P GH VS1VS2 20 S 8Ct,B0H2J85Q4R,LG PC PN DE 5 14P GH VS1VS2 20 S 8Ct
LG PC PN DE 5 14K GH VS1VS2 20 S 8Ct,B0H2JD678M,LG PC PN DE 5 14K GH VS1VS2 20 S 8Ct
LG PC PN DE 5 14D GH VS1VS2 20 S 8Ct,B0H2J3PM9Z,LG PC PN DE 5 14D GH VS1VS2 20 S 8Ct
LG PC PN DE 5 PLT GH VS1VS2 20 S 8Ct,B0H2J5N73N,LG PC PN DE 5 PLT GH VS1VS2 20 S 8Ct
LG PC PN DE 5 14P GH VS1VS2 20 S 9Ct,B0H2J71B81,LG PC PN DE 5 14P GH VS1VS2 20 S 9Ct
LG PC PN DE 5 14K GH VS1VS2 20 S 9Ct,B0H2J9XQSM,LG PC PN DE 5 14K GH VS1VS2 20 S 9Ct
LG PC PN DE 5 14D GH VS1VS2 20 S 9Ct,B0H2J83R7T,LG PC PN DE 5 14D GH VS1VS2 20 S 9Ct
LG PC PN DE 5 PLT GH VS1VS2 20 S 9Ct,B0H2JDJ933,LG PC PN DE 5 PLT GH VS1VS2 20 S 9Ct
LG PC PN DE 5 14P GH VS1VS2 20 S 10Ct,B0H2JCN2XV,LG PC PN DE 5 14P GH VS1VS2 20 S 10Ct
LG PC PN DE 5 14K GH VS1VS2 20 S 10Ct,B0H2J3QTPV,LG PC PN DE 5 14K GH VS1VS2 20 S 10Ct
LG PC PN DE 5 14D GH VS1VS2 20 S 10Ct,B0H2JJMBZ7,LG PC PN DE 5 14D GH VS1VS2 20 S 10Ct
LG PC PN DE 5 PLT GH VS1VS2 20 S 10Ct,B0H2J79TK5,LG PC PN DE 5 PLT GH VS1VS2 20 S 10Ct
